RSA	RSA_Name	RSR
A0001	MA, Springfield [Urban core]	0.503873085
A0002	MA, Amherst Town-Northampton [Urban core]	0.524827077
A0003	MA, Worcester County [Urban core] [Central] 1	0.52863927
A0004	MA, Pittsfield [Urban core]	0.5591533
A0005	MA, Middlesex County [Urban core] [Central] 1	0.510218562
A0006	MA, Springfield-Amherst Town-Northampton [Suburban]	0.516039274
A0007	MA, Worcester County [Urban core] [Central] 2	0.504921146
A0008	MA, Middlesex County [Urban core] [Central] 2	0.485716923
A0009	MA, Essex County [Urban core]	0.548479707
A0010	MA, Norfolk County [Urban core]	0.519948869
A0011	MA, Plymouth County [Urban core]	0.483119309
A0012	MA, Barnstable Town [Urban core]	0.457609405
A0013	MA, Bristol County [Urban core]	0.510994317
A0014	RI, Washington County [Urban core]	0.503725736
A0015	RI, Providence County [Urban core]	0.541648719
A0016	NH, Manchester-Nashua [Urban core]	0.583348108
A0017	NH, Rockingham County [Urban core]	0.548955276
A0018	NH, Keene [Suburban]	0.566558005
A0019	NH, Concord [Suburban]	0.535904636
A0020	NH, Sullivan County [Small town/rural]	0.55213694
A0021	MA-RI-NH, Boston-Worcester-Providence [Small town/rural] [Central]	0.601139666
A0022	NH, Rockingham County-Strafford County [Suburban] [Central]	0.54796469
A0023	CT, South Central Connecticut Planning Region [Urban core]	0.471050377
A0024	NH, Grafton County [Small town/rural] [Central] 1	0.578839904
A0025	NH-VT, Lebanon-Claremont [Suburban]	0.561198999
A0026	NH, Grafton County [Small town/rural] [Central] 2	0.558691101
A0027	NH-VT, Keene-Brattleboro [Small town/rural]	0.501285081
A0028	NH, Grafton County [Large rural]	0.594890592
A0029	NH, Strafford County [Urban core]	0.489105539
A0030	ME, York County [Urban core]	0.482397272
A0031	ME, Cumberland County [Urban core]	0.482779611
A0032	ME, Portland-South Portland [Suburban]	0.494732658
A0033	ME, Lewiston-Auburn [Urban core]	0.478261039
A0034	ME, Augusta-Waterville [Suburban]	0.517324558
A0035	ME, Lincoln County [Small town/rural]	0.521325642
A0036	ME, Bangor [Urban core]	0.492609757
A0037	ME, Penobscot County [Small town/rural]	0.529160084
A0038	NA 1	0.549083775
A0039	ME, Bangor [Large rural]	0.486141582
A0040	ME, Augusta-Waterville [Small town/rural]	0.4970352
A0041	ME, Knox County [Small town/rural]	0.458434279
A0042	ME, Bangor [Small town/rural] [Central]	0.536313649
A0043	ME, Washington County [Small town/rural]	0.549322714
A0044	VT, Barre [Large rural]	0.512921888
A0045	VT, Bennington [Suburban]	0.489216322
A0046	VT, Rutland [Suburban]	0.491877536
A0048	VT, Burlington-South Burlington [Urban core]	0.503178616
A0049	VT, Rutland [Urban core]	0.538106392
A0050	VT, Burlington-South Burlington [Large rural]	0.543246865
A0051	VT, Burlington-South Burlington-Barre [Small town/rural]	0.530955913
A0052	VT, Burlington-South Burlington-Barre [Suburban]	0.502971747
A0053	VT, Orleans County [Small town/rural]	0.554543447
A0054	CT, Capitol Planning Region [Urban core]	0.465071666
A0055	CT, New Haven-Hartford-Waterbury [Suburban]	0.490871337
A0056	CT, Putnam [Urban core]	0.499040975
A0057	CT, Norwich-New London-Willimantic [Urban core]	0.468282175
A0058	CT, Lower Connecticut River Valley Planning Region [Urban core]	0.464671708
A0059	CT, Western Connecticut Planning Region [Urban core]	0.459958543
A0060	MA, Vineyard Haven [Suburban]	0.504351725
A0061	NH, Sullivan County [Large rural]	0.50184607
A0062	NH, Belknap County [Suburban] [Central]	0.52357477
A0063	CT, Waterbury-Shelton [Urban core]	0.488615953
B0001	NJ, Middlesex County [Urban core]	0.532913489
B0002	NJ, Bergen County [Urban core]	0.517146212
B0003	NJ, Morris County [Urban core]	0.534037787
B0004	NJ, Monmouth County [Urban core]	0.518220629
B0005	NJ, Hunterdon County [Urban core]	0.573343723
B0006	NJ, Camden County [Urban core]	0.549088029
B0007	NJ, Ocean County [Urban core]	0.510574221
B0008	NJ, Burlington County [Urban core]	0.554860488
B0009	NJ, Atlantic City-Hammonton [Urban core]	0.550810215
B0010	NJ, Trenton-Princeton [Urban core]	0.553243458
B0011	NY, Kings County [Urban core]	0.553507399
B0012	NY, Westchester County [Urban core]	0.541896429
B0013	NY, Rockland County [Urban core]	0.525249678
B0014	NY, Orange County [Urban core]	0.589959378
B0015	NY, Kingston [Urban core]	0.566272538
B0016	NY, Nassau County [Urban core]	0.535073817
B0017	NY, Suffolk County [Urban core] [Central] 1	0.54701889
B0018	NY, Suffolk County [Urban core] [Central] 2	0.514323974
B0019	NY, Albany County [Urban core]	0.563201461
B0020	NY, Albany-Schenectady [Suburban]	0.572862359
B0021	NY, Schenectady County [Urban core]	0.584252698
B0022	NY, Schoharie County [Urban core]	0.491730034
B0023	NY, Oneonta [Small town/rural]	0.569377796
B0024	NY, Dutchess County [Urban core]	0.56822144
B0025	NY-NJ-CT-PA, New York-Newark [Large rural]	0.577401171
B0026	NY, Warren County [Urban core]	0.553771274
B0027	NY, Glens Falls [Small town/rural]	0.487985129
B0028	NY, Clinton County [Suburban]	0.521226015
B0029	NY, Franklin County [Suburban]	0.569327713
B0030	NY, Ontario County [Urban core]	0.564987639
B0031	NY, Syracuse [Urban core]	0.570135674
B0032	NY, Syracuse-Auburn [Suburban]	0.571805375
B0033	NY, Utica-Rome [Urban core]	0.577496275
B0034	NY, Ithaca-Cortland [Urban core]	0.612613966
B0035	NY, Watertown-Fort Drum [Urban core]	0.624861315
B0036	NY, St. Lawrence County [Large rural]	0.569308761
B0037	NY, Binghamton [Urban core]	0.593332514
B0038	NY, Buffalo-Cheektowaga-Olean [Urban core]	0.552687318
B0039	NY, Genesee County [Urban core]	0.597084402
B0040	NY, Elmira-Corning [Large rural]	0.564266667
B0041	NY, Olean [Suburban]	0.570050495
B0042	NY, Monroe County [Urban core]	0.575388266
B0043	NY, Elmira [Urban core]	0.621031136
B0044	NJ, Warren County [Urban core]	0.536393286
B0045	NY, Washington County [Urban core]	0.515452467
B0046	NY, Essex County [Large rural]	0.527349902
B0047	NY, Suffolk County [Urban core] [Central] 3	0.557740492
B0048	NY, Jamestown-Dunkirk [Suburban]	0.579091763
C0001	PA, Beaver County [Urban core]	0.59844807
C0002	PA, Washington County [Urban core]	0.547976188
C0003	PA, Allegheny County [Urban core] [Central] 1	0.548074875
C0004	PA, Allegheny County [Urban core] [Central] 2	0.559906457
C0005	PA, Allegheny County [Urban core] [Central] 3	0.57469322
C0006	PA, Westmoreland County [Urban core] [Central] 1	0.544775407
C0007	PA, Pittsburgh [Large rural]	0.579125167
C0008	PA, Fayette County [Urban core]	0.525636531
C0009	PA, Johnstown-Somerset [Suburban]	0.58058553
C0010	PA, Johnstown [Urban core]	0.595472471
C0011	PA, Somerset [Large rural]	0.581018583
C0012	MD-WV, Cumberland [Urban core]	0.56928134
C0013	PA, Butler County [Suburban]	0.521934392
C0014	PA, Indiana [Suburban]	0.580457977
C0015	PA, Erie-Meadville [Large rural]	0.531833609
C0016	PA, Blair County [Urban core] [Central] 1	0.58557238
C0017	PA, Clearfield County [Suburban] [Central] 1	0.58234157
C0018	PA, Indiana [Large rural]	0.555516156
C0019	PA, Clearfield County [Suburban] [Central] 2	0.594674118
C0020	PA, Elk County [Large rural]	0.612347247
C0021	PA, Bradford [Large rural]	0.600831302
C0022	PA, Mercer County [Suburban] [Central] 1	0.556651343
C0023	PA-OH-WV, Pittsburgh-Weirton-Steubenville [Small town/rural]	0.577287117
C0024	PA, Lawrence County [Suburban]	0.600751539
C0025	PA, Hermitage [Urban core]	0.532330244
C0026	PA, Oil City [Suburban]	0.533554339
C0027	PA, Warren [Suburban]	0.584111272
C0028	PA, Erie-Meadville [Suburban]	0.61693271
C0029	PA, Erie-Meadville [Urban core]	0.549056005
C0030	PA, Blair County [Urban core] [Central] 2	0.544966515
C0031	PA, Bradford [Suburban]	0.564129852
C0032	PA, Potter County [Small town/rural]	0.54608324
C0033	PA, State College-DuBois [Urban core]	0.598930095
C0034	PA, Lock Haven [Suburban]	0.60122147
C0035	PA, Williamsport-Lock Haven [Small town/rural]	0.531889164
C0036	PA, Sayre [Suburban]	0.523308648
C0037	PA, Lebanon [Urban core]	0.582221424
C0038	PA, Cumberland County [Urban core]	0.569704536
C0039	PA, Northumberland County [Suburban] [Central] 1	0.596548121
C0040	PA, Dauphin County [Urban core]	0.603104227
C0041	PA, Harrisburg-York-Lebanon [Urban core] [Central]	0.590474222
C0042	PA, Chambersburg [Urban core]	0.634205207
C0043	DC-MD-VA-WV-PA, Washington-Baltimore-Arlington [Small town/rural]	0.578319312
C0044	PA, Gettysburg [Urban core]	0.583051104
C0045	PA, York-Hanover [Urban core]	0.591101251
C0046	PA, Lancaster County [Urban core] [Central]	0.565577009
C0047	PA, Chester County [Urban core] [Central] 1	0.545725839
C0048	PA, Chester County [Urban core] [Central] 2	0.556686445
C0049	PA, Williamsport-Lock Haven [Urban core]	0.60598556
C0050	PA, Bloomsburg-Berwick-Sunbury [Urban core]	0.601365346
C0051	PA, Northumberland County [Suburban] [Central] 2	0.548056136
C0052	PA, Harrisburg-York-Lebanon [Suburban]	0.595464179
C0053	PA, Carbon County [Urban core]	0.590176228
C0054	PA, Luzerne County [Urban core] [Central] 1	0.603697693
C0055	PA, Lehigh County [Urban core]	0.511588858
C0056	PA, Northampton County [Urban core]	0.552690428
C0057	PA, Bucks County [Urban core] [Central] 1	0.505037831
C0058	PA, Montgomery County [Urban core] [Central] 1	0.545460312
C0059	PA, East Stroudsburg [Urban core]	0.567052874
C0060	PA, Philadelphia County [Urban core] [Central] 1	0.533459285
C0061	PA, Luzerne County [Urban core] [Central] 2	0.560001222
C0062	PA, Lackawanna County [Urban core]	0.573530568
C0063	PA, Hemlock Farms [Urban core]	0.552006182
C0064	PA, Wyoming County [Urban core]	0.556877422
C0065	PA, Bucks County [Urban core] [Central] 2	0.573130361
C0066	PA, Montgomery County [Urban core] [Central] 2	0.541733321
C0067	PA, Bucks County [Urban core] [Central] 3	0.541392531
C0068	PA, Philadelphia County [Urban core] [Central] 2	0.532731979
C0069	PA, Delaware County [Urban core]	0.547983307
C0070	PA, Reading [Urban core]	0.539769738
C0071	DE, New Castle County [Urban core]	0.472845863
C0072	DE, Dover [Urban core]	0.539690262
C0073	DE, Seaford [Suburban]	0.490618264
C0074	DC, District of Columbia [Urban core]	0.523528411
C0075	MD, Montgomery County [Urban core] [Central] 1	0.472455009
C0076	VA, Loudoun County [Urban core]	0.571388402
C0077	VA, Fauquier County [Urban core]	0.535201034
C0078	VA, Fairfax County [Urban core]	0.547988244
C0079	VA-WV, Winchester [Urban core]	0.550554261
C0080	MD, Charles County [Urban core]	0.502630137
C0081	MD, Prince George's County [Urban core]	0.52964522
C0082	MD, Calvert County [Urban core]	0.529219915
C0083	MD, St. Mary's County [Urban core]	0.539290521
C0084	MD, Anne Arundel County [Urban core]	0.54191224
C0085	MD, Baltimore County [Urban core]	0.528909773
C0086	MD, Montgomery County [Urban core] [Central] 2	0.497199946
C0087	MD, Harford County [Urban core]	0.521503481
C0088	MD, Baltimore city [Urban core]	0.508366169
C0089	MD, Carroll County [Urban core]	0.568093163
C0090	WV, Morgantown [Small town/rural]	0.574847903
C0091	MD, Queen Anne's County [Urban core]	0.486340215
C0092	MD, Cambridge [Suburban]	0.529793864
C0093	MD, Baltimore-Columbia-Towson [Large rural]	0.491536626
C0094	MD, Frederick County [Urban core]	0.537073318
C0095	MD, Washington County [Urban core]	0.593747988
C0096	MD, Salisbury-Ocean Pines [Urban core]	0.529106386
C0097	MD, Cecil County [Urban core]	0.501623919
C0098	VA, Arlington County [Urban core]	0.498057172
C0099	VA, Stafford County [Urban core]	0.579964818
C0100	VA, Lancaster County [Small town/rural]	0.522875138
C0101	VA, Richmond [Small town/rural]	0.480336053
C0102	VA-WV, Arlington-Alexandria-Reston [Suburban]	0.558614092
C0103	VA, Chesterfield County [Urban core]	0.519214777
C0104	VA, Albemarle County [Urban core]	0.522767155
C0105	VA, Rockingham County [Urban core] [Central] 1	0.542566528
C0106	VA, Rockingham County [Urban core] [Central] 2	0.524681027
C0107	VA, Staunton-Stuarts Draft [Urban core]	0.537535912
C0108	VA, Newport News city [Urban core]	0.53274333
C0109	VA, Gloucester County [Urban core]	0.500909794
C0110	VA, Richmond [Large rural]	0.579212561
C0111	VA, Accomack County [Small town/rural]	0.539734954
C0112	VA, Northampton County [Small town/rural]	0.552070846
C0113	VA, Portsmouth city [Urban core]	0.541593204
C0114	VA-NC, Virginia Beach-Chesapeake-Norfolk [Large rural]	0.549388482
C0115	VA, Virginia Beach city [Urban core]	0.536835874
C0116	VA, Prince George County [Urban core]	0.553224145
C0117	VA, Brunswick County [Large rural]	0.51045273
C0118	VA, Danville [Large rural]	0.561248309
C0119	VA, Lynchburg [Urban core]	0.507605207
C0120	VA, Roanoke city [Urban core]	0.530210114
C0121	VA, Patrick County [Suburban]	0.556233441
C0122	VA, Henry County [Suburban]	0.562930865
C0123	VA, Montgomery County [Urban core]	0.527937975
C0124	VA, Franklin County [Urban core]	0.527609972
C0125	VA, Danville [Suburban]	0.594158758
C0126	VA, Giles County [Urban core]	0.560804392
C0127	VA, Danville [Small town/rural]	0.53659179
C0128	VA, Scott County [Urban core]	0.582059556
C0129	VA, Washington County [Urban core]	0.577754697
C0130	VA, Floyd County [Large rural]	0.590011814
C0131	VA, Smyth County [Large rural]	0.548560122
C0132	WV-VA, Bluefield [Suburban]	0.564301257
C0133	VA, Giles County [Large rural]	0.567463946
C0134	VA, Botetourt County [Large rural]	0.561117446
C0135	VA, Craig County [Large rural]	0.518554321
C0136	WV-VA, Bluefield [Large rural]	0.595322185
C0137	WV, Raleigh County [Urban core]	0.58882651
C0138	WV, Beckley [Large rural]	0.553149324
C0139	WV, Elkins [Small town/rural]	0.566039665
C0140	WV, Summers County [Urban core]	0.556961513
C0141	WV, Kanawha County [Urban core]	0.505784275
C0142	WV, Cabell County [Urban core]	0.533227526
C0143	WV, Boone County [Urban core]	0.577117332
C0144	WV-OH-KY, Charleston-Huntington-Ashland [Urban core] [Central]	0.53053244
C0145	WV-KY-OH, Huntington-Ashland [Suburban]	0.550541898
C0146	WV, Parkersburg-Vienna [Large rural]	0.564988961
C0147	WV, Jackson County [Urban core]	0.545611505
C0148	VA-WV, Arlington-Alexandria-Reston [Urban core] [Central]	0.577563535
C0149	DC-MD-VA-WV-PA, Washington-Baltimore-Arlington [Urban core] [Outlying]	0.566589203
C0150	WV, Wayne County [Urban core]	0.5659205
C0151	WV, Marshall County [Urban core]	0.537158383
C0152	WV, Brooke County [Urban core]	0.523821476
C0153	WV, Parkersburg-Vienna [Urban core]	0.54245084
C0154	WV, Fairmont-Clarksburg [Large rural]	0.561428544
C0155	WV-OH-KY, Charleston-Huntington-Ashland [Large rural]	0.537607602
C0156	WV, Elkins [Suburban]	0.543367283
C0157	WV, Fairmont-Clarksburg [Suburban]	0.48505863
C0158	WV, Preston County [Urban core]	0.514754501
C0159	WV, Monongalia County [Urban core]	0.57241305
C0160	WV, Charleston [Small town/rural]	0.538825621
C0161	VA-WV, Winchester [Large rural]	0.54211139
C0162	WV, Pendleton County [Urban core]	0.560132707
C0163	PA, Butler County [Urban core]	0.584355476
C0164	PA, Westmoreland County [Urban core] [Central] 2	0.553815048
C0165	PA, Mercer County [Suburban] [Central] 2	0.585812537
C0166	PA, Somerset [Small town/rural]	0.559961811
C0167	PA, Jefferson County [Large rural]	0.570551402
C0168	PA, Johnstown [Large rural]	0.552302783
C0169	NY-NJ-CT-PA, New York-Newark [Suburban]	0.516962763
C0170	PA, Philadelphia County [Urban core] [Central] 3	0.572121818
C0171	VA, Prince William County [Urban core]	0.551393941
C0172	VA, Nelson County [Urban core]	0.547675282
C0173	VA, Buchanan County [Small town/rural]	0.592196732
C0174	WV, Fayette County [Urban core] [Central]	0.534750106
C0175	WV, Clay County [Urban core]	0.548381221
D0001	NC, Jacksonville [Urban core]	0.562514862
D0002	NC, Forsyth County [Urban core]	0.579941177
D0003	NC, Surry County [Urban core]	0.569139227
D0004	NC, Greensboro-High Point [Urban core]	0.555464105
D0005	NC, Wilkes County [Large rural]	0.593734322
D0006	NC, Rowan County [Urban core]	0.630411438
D0007	NC, Rockingham County [Suburban]	0.619586459
D0008	NC, Randolph County [Suburban]	0.565055567
D0009	NC, Sanford [Suburban]	0.552540609
D0010	NC, Rockingham [Large rural]	0.576628973
D0011	NC, Caswell County [Suburban]	0.563671746
D0012	NC, Burlington [Urban core]	0.539905798
D0013	NC, Pinehurst-Southern Pines [Suburban]	0.507717303
D0014	NC, Durham County [Urban core]	0.516497236
D0015	NC, Person County [Urban core]	0.575669133
D0016	NC, Anderson Creek [Urban core]	0.546689656
D0017	NC, Wake County [Urban core] [Central] 1	0.555092028
D0018	NC, Raleigh-Durham-Cary [Large rural]	0.586724925
D0019	NC, Wake County [Urban core] [Central] 2	0.529212084
D0020	NC, Raleigh-Cary [Suburban]	0.548160622
D0021	NC, Goldsboro [Urban core]	0.511015182
D0022	FL, Lake County [Urban core] [Central]	0.52951845
D0023	NC, Rocky Mount-Wilson-Roanoke Rapids [Urban core]	0.539976753
D0024	NC, Rocky Mount-Wilson-Roanoke Rapids [Large rural]	0.553790524
D0025	NC, Greenville-Washington [Suburban]	0.53042149
D0026	NC, Wilson [Suburban]	0.56324794
D0027	NC, Greenville-Washington [Urban core]	0.537225839
D0028	NC, Roanoke Rapids [Suburban]	0.554775974
D0030	NC, Greenville-Washington [Large rural]	0.557139926
D0031	NC, Rocky Mount [Suburban]	0.518382278
D0032	NC, Elizabeth City [Large rural]	0.564570572
D0033	NC, Kinston [Suburban]	0.618188775
D0034	NC, Elizabeth City [Suburban]	0.569547856
D0035	NC, Kill Devil Hills [Large rural]	0.520192414
D0036	NC, Currituck County [Urban core]	0.544061887
D0037	NC, Kill Devil Hills [Suburban]	0.582054169
D0038	NC, Albemarle [Suburban]	0.567109298
D0039	NC, Gaston County [Urban core]	0.57050146
D0040	NC, Anson County [Urban core]	0.591830719
D0041	NC, Shelby-Kings Mountain [Suburban]	0.564171065
D0042	NC, Forest City [Suburban]	0.570753525
D0043	NC, Cabarrus County [Urban core]	0.581580063
D0044	NC, Mecklenburg County [Urban core] [Central] 1	0.55410884
D0045	NC, Catawba County [Urban core]	0.575849963
D0046	NC, Mecklenburg County [Urban core] [Central] 2	0.572758731
D0047	NC, Iredell County [Urban core]	0.548908591
D0048	NC, Caldwell County [Urban core]	0.549575049
D0049	NC, Cumberland County [Urban core]	0.562589254
D0050	NC, Sampson County [Large rural]	0.527867959
D0051	NC, Bladen County [Large rural]	0.525580835
D0052	NC, Hoke County [Urban core]	0.554219748
D0053	NC, Lumberton [Suburban]	0.546612025
D0054	NC, Laurinburg [Suburban]	0.568494885
D0055	NC, New Bern-Morehead City [Small town/rural]	0.582680605
D0056	NC, New Hanover County [Urban core]	0.533818208
D0057	NC, Brunswick County [Urban core]	0.545858719
D0058	NC, Columbus County [Large rural]	0.525106512
D0059	NC, New Bern [Urban core]	0.565663168
D0061	NC, Morehead City [Suburban]	0.556156481
D0062	NC, Boone [Small town/rural]	0.588351245
D0063	NC, Boone [Suburban]	0.521096069
D0064	NC, North Wilkesboro [Suburban]	0.549070958
D0065	NC, Ashe County [Large rural]	0.543805406
D0066	NC, Buncombe County [Urban core]	0.528482371
D0067	NC, Marion [Small town/rural]	0.552433833
D0068	NC, Brevard [Urban core]	0.520589709
D0069	NC, Asheville-Waynesville-Brevard [Suburban]	0.561388571
D0070	NC, Waynesville [Urban core]	0.515993199
D0071	NC, Asheville-Waynesville-Brevard [Small town/rural]	0.532458332
D0072	NC, Asheville, NC-Forest City [Urban core]	0.568916302
D0073	NC, Henderson County [Urban core]	0.48125129
D0074	NC, Polk County [Small town/rural]	0.569673118
D0075	SC, Sumter [Large rural]	0.548758561
D0076	SC, Bamberg County [Large rural]	0.545099035
D0077	SC, Lexington County [Urban core]	0.52175026
D0078	SC, Kershaw County [Urban core]	0.490033516
D0079	SC, Florence [Urban core]	0.572060965
D0080	SC, York County [Urban core]	0.585346102
D0081	SC, Richland County [Urban core]	0.542097344
D0082	SC, Orangeburg [Suburban]	0.531815911
D0083	SC, Spartanburg [Suburban]	0.498506082
D0084	SC, Greenwood [Suburban]	0.547869874
D0085	SC, Sumter [Urban core]	0.550263593
D0086	SC, Myrtle Beach-Conway [Suburban]	0.522664268
D0087	SC, Lancaster County [Urban core]	0.520670898
D0088	SC, Newberry [Suburban]	0.51829616
D0089	SC, Florence [Suburban]	0.507977955
D0090	SC, Aiken County [Urban core]	0.591641799
D0091	SC, Spartanburg [Urban core]	0.547240769
D0092	SC, Gaffney [Suburban]	0.507885754
D0093	SC, Charleston County [Urban core]	0.530442862
D0094	SC, Berkeley County [Urban core]	0.560602913
D0095	SC, Jasper County [Urban core]	0.573212615
D0096	SC, Myrtle Beach-Conway [Urban core]	0.507951648
D0097	SC, Charlotte-Concord, NC-SC-Columbia-Sumter-Orangeburg [Urban core]	0.548303525
D0099	SC, Greenville County [Urban core]	0.536773589
D0100	SC, Anderson County [Urban core]	0.520314932
D0101	SC, Seneca [Suburban]	0.508767299
D0102	SC, Edgefield County [Large rural]	0.550194569
D0103	SC, Hilton Head Island-Bluffton-Port Royal [Suburban]	0.609666815
D0104	SC, Beaufort County [Urban core]	0.519987084
D0105	GA, DeKalb County [Urban core]	0.547693461
D0106	GA, Fulton County [Urban core]	0.533545171
D0107	GA, Cobb County [Urban core]	0.54213866
D0108	GA, Gwinnett County [Urban core]	0.533130599
D0109	GA, Newton County [Urban core]	0.539232339
D0110	GA, Hall County [Urban core]	0.565722182
D0111	GA, Marietta [Suburban]	0.545525098
D0112	GA, Floyd County [Urban core]	0.558746878
D0113	GA, Cherokee County [Urban core]	0.566683821
D0114	GA, Atlanta-Sandy Springs-Roswell [Suburban]	0.526732137
D0115	GA, Thomaston [Urban core]	0.555457268
D0116	GA, Coweta County [Urban core]	0.548373523
D0117	GA, Spalding County [Urban core]	0.535463339
D0118	GA-AL, LaGrange [Suburban]	0.533145348
D0119	GA, Clayton County [Urban core]	0.558824401
D0120	GA, Vidalia [Suburban]	0.557336392
D0121	GA, Dublin [Suburban]	0.566710346
D0122	GA, Richmond County [Urban core]	0.608986074
D0123	GA, Statesboro [Suburban]	0.580421421
D0124	GA, Cornelia [Suburban]	0.565893787
D0125	GA, Toccoa [Suburban]	0.558937673
D0126	GA, Walton County [Urban core]	0.551715483
D0127	GA, Milledgeville [Suburban]	0.547442362
D0128	GA, Athens-Clarke County [Urban core]	0.554587215
D0129	GA, Lincoln County [Large rural]	0.521707218
D0130	GA, Dalton [Urban core]	0.520856767
D0131	GA, Walker County [Urban core]	0.554667356
D0132	GA, Warner Robins [Urban core]	0.576270186
D0133	GA-AL, Columbus-Auburn-Opelika [Suburban]	0.584912506
D0134	GA, Cordele [Suburban]	0.524276829
D0135	GA, Macon-Bibb County [Urban core]	0.600377097
D0136	GA, Muscogee County [Urban core]	0.537249601
D0137	GA, Milledgeville [Large rural]	0.485112235
D0139	GA, Chatham County [Urban core] [Central] 1	0.555883314
D0140	GA, Chatham County [Urban core] [Central] 2	0.523558948
D0141	GA, Waycross [Suburban]	0.535460637
D0142	GA, Jesup [Suburban]	0.614233269
D0143	GA, Douglas [Suburban]	0.553180045
D0144	GA, Glynn County [Urban core]	0.553000571
D0145	FL, Duval County [Urban core] [Central] 1	0.553899091
D0146	GA, Brantley County [Urban core]	0.554320291
D0147	GA, Valdosta [Urban core]	0.55600121
D0148	GA, Tifton [Suburban]	0.554827535
D0149	GA, Thomasville [Suburban]	0.584701747
D0150	GA, Albany [Urban core]	0.580833759
D0151	GA, Bainbridge, GA-Thomasville [Large rural]	0.539748214
D0152	GA, Moultrie [Suburban]	0.557534155
D0154	FL, Duval County [Urban core] [Central] 2	0.549157231
D0155	FL, Gainesville-Lake City [Suburban]	0.567911765
D0156	FL, St. Johns County [Urban core]	0.543842819
D0157	FL, Gainesville [Urban core]	0.556018242
D0158	FL, Tallahassee [Large rural]	0.52617291
D0159	FL, Lake County [Urban core] [Outlying] 1	0.59415959
D0160	FL, Volusia County [Urban core] [Central] 1	0.54374162
D0161	FL-GA, Jacksonville-Kingsland-Palatka [Suburban]	0.551050952
D0162	FL, Ocala [Urban core]	0.543535848
D0163	FL, Volusia County [Urban core] [Central] 2	0.494500607
D0164	FL, Leon County [Urban core]	0.547778423
D0165	FL, Franklin County [Large rural]	0.572713437
D0166	FL, Calhoun County [Urban core]	0.548243555
D0167	FL, Wakulla County [Urban core]	0.529153235
D0168	FL, Panama City-Panama City Beach [Urban core]	0.58255505
D0169	FL, Panama City-Panama City Beach [Large rural]	0.531718379
D0170	FL, Crestview-Fort Walton Beach-Destin [Urban core]	0.572887166
D0171	FL, Pensacola-Ferry Pass-Brent [Urban core]	0.543906093
D0172	FL, Orange County [Urban core] [Central] 1	0.573887452
D0173	FL, Brevard County [Urban core] [Central] 1	0.524939005
D0174	FL, Orange County [Urban core] [Central] 2	0.589636804
D0175	FL, Brevard County [Urban core] [Central] 2	0.615047511
D0176	FL, Brevard County [Urban core] [Central] 3	0.557302129
D0177	FL, Sebastian-Vero Beach-West Vero Corridor [Urban core]	0.551583085
D0178	FL, Miami-Port St. Lucie-Fort Lauderdale [Suburban]	0.543777868
D0179	FL, Broward County [Urban core] [Central] 1	0.571676055
D0180	FL, Miami-Dade County [Urban core] [Central] 1	0.563927815
D0181	FL, Miami-Dade County [Urban core] [Central] 2	0.554484255
D0182	FL, Broward County [Urban core] [Central] 2	0.558667242
D0183	FL, Palm Beach County [Urban core]	0.481105253
D0184	FL, Cape Coral-Fort Myers [Urban core]	0.536036168
D0185	FL, Port St. Lucie [Urban core]	0.546929278
D0186	FL, Hillsborough County [Urban core] [Central] 1	0.534940862
D0187	FL, Pasco County [Urban core] [Central] 1	0.54220198
D0188	FL, Hillsborough County [Urban core] [Central] 2	0.560763434
D0189	FL, Hillsborough County [Urban core] [Central] 3	0.569518612
D0190	FL, Pinellas County [Urban core] [Central] 1	0.56951963
D0191	FL, Pinellas County [Urban core] [Central] 2	0.558852501
D0192	FL, Polk County [Urban core] [Central] 1	0.585989763
D0193	FL, Polk County [Urban core] [Central] 2	0.574848146
D0194	FL, Sebring [Urban core]	0.547833908
D0195	FL, Sarasota County [Urban core]	0.497348964
D0196	FL, Punta Gorda [Urban core]	0.539979678
D0197	FL, Naples-Marco Island [Urban core]	0.544408877
D0198	FL, Manatee County [Urban core]	0.521398182
D0199	FL, Homosassa Springs [Urban core]	0.52637318
D0200	FL, Hernando County [Urban core]	0.564620901
D0201	FL, Pasco County [Urban core] [Central] 2	0.547728328
D0202	FL, Lake County [Urban core] [Outlying] 2	0.578041881
D0203	AL, Jefferson County [Urban core] [Central] 1	0.567030833
D0204	AL, Jefferson County [Urban core] [Central] 2	0.571391886
D0205	AL, Shelby County [Urban core]	0.538211959
D0206	GA-AL, Columbus-Auburn-Opelika [Large rural]	0.543586397
D0207	AL, Talladega-Sylacauga [Suburban]	0.528487391
D0208	AL, Albertville [Suburban]	0.513697616
D0209	AL, Cullman [Suburban]	0.541525406
D0210	AL, St. Clair County [Urban core]	0.554140599
D0211	AL, Bibb County [Urban core]	0.527721459
D0212	AL, Walker County [Urban core]	0.549474099
D0213	AL, Tuscaloosa County [Urban core]	0.546533659
D0214	AL, Montgomery-Selma [Small town/rural]	0.556910671
D0215	AL, Pickens County [Urban core]	0.531821032
D0216	AL, Clarke County-Lauderdale County [Suburban]	0.55798939
D0217	AL-TN, Birmingham-Cullman-Talladega, AL-Huntsville-Decatur-Albertville [Small town/rural]	0.545853602
D0218	AL, Birmingham-Cullman-Talladega [Large rural]	0.505419869
D0219	AL, Colbert County [Urban core]	0.487256992
D0220	AL, Florence-Muscle Shoals-Russellville [Small town/rural]	0.536971228
D0221	AL, Decatur [Urban core]	0.495189826
D0222	AL, Huntsville [Suburban]	0.521458707
D0223	AL, Lauderdale County [Urban core]	0.51093024
D0224	AL, Huntsville [Urban core]	0.526694028
D0225	AL, Scottsboro [Suburban]	0.542491289
D0226	AL, Gadsden [Urban core]	0.525006085
D0227	AL, Fort Payne [Urban core]	0.477195913
D0228	AL-TN, Huntsville-Decatur-Albertville [Small town/rural]	0.566074309
D0229	AL, Elmore County [Urban core]	0.54063936
D0230	AL, Troy [Suburban]	0.574378533
D0232	AL, Houston County [Urban core]	0.502277974
D0233	AL, Dothan [Large rural]	0.499687687
D0234	AL, Montgomery County [Urban core]	0.523698434
D0235	AL, Auburn-Opelika [Urban core]	0.49223139
D0236	AL, Anniston-Oxford [Urban core]	0.519098835
D0237	AL, Alexander City [Urban core]	0.512307184
D0238	GA-AL, Atlanta--Athens-Clarke County--Sandy Springs [Large rural]	0.51188437
D0239	AL, Enterprise [Suburban]	0.500605231
D0240	AL, Escambia County [Large rural]	0.517922606
D0241	AL, Daphne-Fairhope-Foley [Large rural]	0.526053917
D0242	AL, Mobile [Large rural]	0.524315062
D0243	AL, Daphne-Fairhope-Foley [Urban core]	0.573370293
D0244	AL, Mobile County [Urban core]	0.563963708
D0245	AL, Washington County [Urban core]	0.532165932
D0246	AL, Mobile-Daphne-Fairhope [Suburban]	0.52490807
D0247	AL, Hale County [Large rural]	0.542315546
D0248	AL, Choctaw County [Small town/rural]	0.532229173
D0249	AL, Russell County [Urban core]	0.557592816
D0250	TN, Robertson County [Urban core]	0.559411821
D0251	TN, Cannon County [Large rural]	0.566187889
D0252	TN, Davidson County [Urban core] [Central] 1	0.536006106
D0253	TN, Williamson County [Urban core]	0.568272868
D0254	TN, Davidson County [Urban core] [Central] 2	0.57156957
D0255	TN, Rutherford County [Urban core]	0.583510934
D0256	TN, Maury County [Suburban]	0.596856133
D0257	TN-KY, Clarksville [Urban core]	0.576971498
D0258	TN, Dickson County [Suburban]	0.554925326
D0259	TN, Wilson County [Suburban]	0.551734962
D0260	TN, Hickman County [Large rural]	0.559889303
D0261	TN, Lincoln County [Large rural]	0.547443328
D0262	TN, Tullahoma-Manchester [Suburban]	0.568935554
D0263	TN, Winchester [Suburban]	0.544128235
D0264	TN, Hamilton County [Urban core]	0.548671673
D0265	TN, Athens [Large rural]	0.569563152
D0266	TN, Cleveland [Urban core]	0.535876096
D0267	TN, Polk County [Small town/rural]	0.574803249
D0268	TN, Athens [Suburban]	0.535743524
D0269	TN, Johnson City [Urban core]	0.625999509
D0270	TN-VA, Johnson City-Kingsport-Bristol [Suburban]	0.612809619
D0271	TN, Sullivan County [Urban core]	0.590863303
D0272	TN, Johnson City [Large rural]	0.568103886
D0273	TN, Blount County [Urban core]	0.554967436
D0274	TN, Knox County [Urban core] [Central] 1	0.545699846
D0275	TN, Morristown [Urban core]	0.577012481
D0276	TN, Knox County [Urban core] [Central] 2	0.518985584
D0277	TN, Knoxville-Morristown-Sevierville [Suburban]	0.543430893
D0278	TN, Campbell County [Urban core]	0.562495822
D0279	TN, Crossville [Suburban]	0.539731907
D0280	TN, Morgan County [Urban core]	0.55226758
D0281	TN, Knoxville-Morristown-Sevierville [Large rural]	0.542423649
D0282	TN, Jackson [Urban core]	0.557895145
D0283	TN, Shelby County [Urban core] [Central] 1	0.543821524
D0284	TN, Tipton County [Urban core]	0.517675229
D0285	TN, Dyersburg [Suburban]	0.541285607
D0287	TN, Chester County [Large rural]	0.577045759
D0288	TN, Shelby County [Urban core] [Central] 2	0.539872469
D0289	TN, Union City-Martin [Large rural]	0.572086844
D0290	TN, Paris [Suburban]	0.538349156
D0291	TN, Martin [Suburban]	0.535936349
D0292	KY, Mayfield [Suburban]	0.567490383
D0293	TN, Carroll County [Small town/rural]	0.550681011
D0294	TN, Decatur County-Henderson County [Small town/rural]	0.569483549
D0295	TN, Nashville-Davidson--Murfreesboro [Small town/rural]	0.520597874
D0296	TN, Lawrenceburg [Suburban]	0.559706727
D0297	TN, Giles County [Large rural]	0.549008845
D0298	TN, Cookeville [Suburban]	0.560026299
D0299	TN, Cookeville [Small town/rural]	0.557750599
D0300	TN, Overton County [Large rural]	0.558975545
D0301	TN, White County [Large rural]	0.532678164
D0303	MS, Lafayette County [Urban core]	0.551053261
D0304	MS, Benton County [Large rural]	0.559211856
D0305	MS, DeSoto County [Urban core]	0.557427031
D0306	MS, Greenwood [Suburban]	0.551209244
D0307	MS, Greenwood [Large rural]	0.568428179
D0308	MS, Clarksdale [Small town/rural]	0.519134075
D0309	MS, Corinth [Suburban]	0.574634728
D0310	MS, Washington County [Suburban]	0.569923978
D0311	MS, Sharkey County [Suburban]	0.518048785
D0312	MS, Cleveland [Suburban]	0.512995143
D0313	MS, Tupelo [Suburban]	0.501462157
D0314	MS, Itawamba County [Large rural]	0.518889693
D0315	MS, Oxford [Large rural]	0.537740817
D0316	MS, Grenada [Large rural]	0.595111849
D0317	MS, Hinds County [Urban core]	0.580578738
D0318	MS, Simpson County [Urban core]	0.540562654
D0319	MS, Holmes County [Urban core]	0.54863168
D0320	MS, Jackson-Vicksburg-Brookhaven [Large rural]	0.540370809
D0321	MS, Brookhaven [Suburban]	0.563300818
D0322	MS, Vicksburg [Suburban]	0.552082829
D0323	MS, Starkville [Suburban]	0.536687829
D0324	MS, Covington County [Urban core]	0.5259411
D0325	MS, McComb [Urban core]	0.526471607
D0326	MS, Jones County [Suburban]	0.509925272
D0327	MS, Lauderdale County [Suburban]	0.552948517
D0328	MS, Meridian [Large rural]	0.520367537
D0329	MS, Clarke County [Suburban]	0.54111604
D0330	MS, Jasper County [Suburban]	0.532354293
D0331	MS, Noxubee County [Suburban]	0.488560907
D0332	MS, Hattiesburg [Urban core]	0.557877286
D0333	MS, Hattiesburg-Laurel [Large rural]	0.531036516
D0334	MS, Harrison County [Urban core]	0.568887941
D0335	MS, Jackson County [Urban core]	0.580078221
D0337	MS, Wilkinson County [Small town/rural]	0.589477818
D0338	MS, McComb [Suburban]	0.590149382
D0339	MS, Lowndes County [Suburban]	0.55490759
D0340	MS, Starkville-Columbus [Small town/rural]	0.554843364
D0341	MS, Starkville [Large rural]	0.559138521
D0342	GA, Henry County [Urban core]	0.521029837
D0343	FL-GA, Tallahassee-Bainbridge [Suburban]	0.534006387
D0344	GA, Thomasville [Large rural]	0.558751939
D0345	GA, Bainbridge [Large rural]	0.569193975
D0346	KY, Jefferson County [Urban core] [Central] 1	0.503071514
D0347	KY-IN, Louisville/Jefferson County [Suburban]	0.503456137
D0348	KY, Edmonson County [Large rural]	0.526932474
D0350	KY, Elizabethtown [Urban core]	0.520003084
D0351	KY, Jefferson County [Urban core] [Central] 2	0.531595312
D0352	KY, Meade County [Urban core]	0.546813636
D0353	KY, Danville [Suburban]	0.550994476
D0354	KY, Lexington-Fayette--Richmond--Frankfort [Urban core]	0.556043375
D0355	KY, Lexington-Fayette--Richmond--Frankfort [Large rural]	0.524587596
D0356	KY, Mount Sterling [Suburban]	0.541126886
D0357	KY, Gallatin County [Urban core]	0.545994081
D0358	KY, Richmond-Berea [Suburban]	0.577079404
D0359	KY, Whitley County [Suburban]	0.587324382
D0360	KY, Laurel County [Suburban]	0.56142111
D0361	KY, Knox County [Large rural]	0.589498374
D0362	KY, Harlan County [Large rural]	0.618742742
D0363	KY, Middlesborough [Small town/rural]	0.573924562
D0364	KY, Letcher County [Small town/rural]	0.579635372
D0365	KY, Corbin [Small town/rural]	0.579515437
D0366	KY, Clay County [Large rural]	0.560365143
D0367	KY, Kenton County [Urban core]	0.537849553
D0368	OH-KY-IN, Cincinnati [Suburban]	0.569547235
D0369	KY, Fleming County [Large rural]	0.51615529
D0370	KY, Greenup County [Urban core]	0.542034381
D0371	KY, Carter County [Urban core]	0.567879274
D0372	KY, Lawrence County [Urban core]	0.577118422
D0373	KY, Floyd County [Small town/rural]	0.596728816
D0374	KY, Lexington-Fayette--Richmond--Frankfort [Small town/rural]	0.551822506
D0375	KY, Breathitt County [Large rural]	0.551367124
D0376	KY, Pike County [Large rural]	0.571273987
D0377	KY, Pike County [Small town/rural]	0.562497153
D0378	KY, Floyd County [Large rural]	0.591427479
D0379	KY, Perry County [Large rural]	0.579783192
D0380	KY, McCracken County [Suburban]	0.590513292
D0381	KY, Murray [Suburban]	0.567375368
D0382	KY, Ballard County [Suburban]	0.560999999
D0383	KY-IL, Paducah-Mayfield [Large rural]	0.521016623
D0384	KY, Bowling Green-Glasgow-Franklin [Urban core]	0.572362754
D0385	KY, Bowling Green-Glasgow-Franklin [Suburban]	0.568169339
D0386	SC, Greenville-Anderson-Greer [Suburban]	0.557359231
D0387	TN-KY, Clarksville [Suburban]	0.560315849
D0388	KY, Owensboro [Urban core]	0.546059613
D0389	KY, Butler County [Large rural]	0.518285478
D0390	KY, Owensboro [Large rural]	0.529611401
D0391	KY, Madisonville [Suburban]	0.551871173
D0392	KY, Henderson [Urban core]	0.560967371
D0393	KY, Henderson [Large rural]	0.580550314
D0394	KY, Somerset [Suburban]	0.581334337
E0001	OH, Chillicothe [Suburban]	0.527411641
E0002	OH, Franklin County [Urban core] [Central] 1	0.52484993
E0003	OH, Springfield [Urban core]	0.542943064
E0004	IL, Cook County [Urban core] [Central] 1	0.540677435
E0005	OH, Franklin County [Urban core] [Central] 2	0.527565331
E0006	OH, Union County [Urban core]	0.544412477
E0007	OH, Columbus [Suburban]	0.502866786
E0008	OH, Marion [Suburban]	0.502733625
E0009	OH, Lima-Van Wert-Celina [Urban core]	0.523314101
E0010	OH, Findlay-Tiffin [Suburban]	0.522397488
E0011	OH, Mansfield-Ashland-Bucyrus [Large rural]	0.517622191
E0012	OH, Lucas County [Urban core] [Central]	0.539035664
E0013	OH, Erie County [Suburban] [Central] 1	0.575084214
E0014	OH, Cleveland-Akron-Canton [Urban core] [Central]	0.52570033
E0015	OH, Williams County [Large rural]	0.51181658
E0016	OH, Defiance [Suburban]	0.525528592
E0017	OH, Henry County [Large rural]	0.534309827
E0018	OH, Zanesville [Suburban]	0.516743698
E0019	OH, Cambridge [Suburban]	0.552916381
E0020	OH, Monroe County [Urban core]	0.563098307
E0021	OH, Belmont County [Urban core]	0.525899194
E0022	WV-OH, Parkersburg-Marietta-Vienna [Suburban]	0.551612158
E0023	OH, New Philadelphia-Dover [Suburban]	0.559508262
E0024	OH, Jefferson County [Urban core]	0.56242013
E0025	OH, Youngstown-Warren-Salem [Suburban]	0.564623231
E0026	OH, Lorain County [Urban core]	0.546843333
E0027	OH, Cleveland [Suburban]	0.551279977
E0028	OH, Cuyahoga County [Urban core]	0.535137542
E0029	OH, Geauga County [Urban core]	0.522278796
E0030	OH, Youngstown-Warren-Salem [Urban core]	0.545923551
E0031	OH, Portage County [Urban core]	0.519304775
E0032	OH, Summit County [Urban core]	0.560623701
E0033	OH, Wooster [Suburban]	0.565358738
E0034	OH, Medina County [Urban core]	0.566659743
E0035	OH, Canton-Massillon [Suburban]	0.583443096
E0036	OH, Canton-Massillon [Urban core]	0.575265102
E0038	OH, Mansfield-Ashland-Bucyrus [Urban core]	0.535470614
E0039	OH, Erie County [Suburban] [Central] 2	0.545248982
E0040	OH, Hamilton County [Urban core]	0.517460721
E0041	OH, Montgomery County [Urban core] [Central] 1	0.541968389
E0042	OH, Montgomery County [Urban core] [Central] 2	0.534341232
E0043	OH, Brown County [Urban core]	0.516320486
E0044	OH, Wilmington [Suburban]	0.592419024
E0045	OH, Portsmouth [Small town/rural]	0.534861041
E0046	OH, Dayton-Springfield-Kettering [Suburban]	0.591474623
E0047	IN, Richmond-Connersville [Suburban]	0.557685147
E0048	OH, Gallipolis [Suburban]	0.594300822
E0049	OH, Portsmouth [Suburban]	0.543005839
E0050	OH, Athens [Suburban]	0.536369869
E0051	OH, Celina [Suburban]	0.586638328
E0052	OH, Lima [Large rural]	0.519561954
E0053	OH, Van Wert [Suburban]	0.503845214
E0054	OH, Wapakoneta [Large rural]	0.55175877
E0055	IN, Madison County [Urban core]	0.552020836
E0056	IN, Marion County [Urban core]	0.55275852
E0057	IN, Clinton County [Suburban]	0.566847172
E0058	IN, Indianapolis-Carmel-Muncie [Large rural]	0.558793746
E0059	IN, Greencastle [Urban core]	0.53218411
E0060	IN, Shelby County [Suburban]	0.568966891
E0061	IN, Lake County [Urban core] [Central] 1	0.574337682
E0062	IN, Lake County [Urban core] [Central] 2	0.584153433
E0063	IN, Michigan City-La Porte [Urban core]	0.512143559
E0064	IN, Plymouth [Suburban]	0.579716008
E0065	IN-MI, South Bend-Mishawaka [Urban core]	0.543248837
E0066	IN, Warsaw [Suburban]	0.580394845
E0067	IN, Elkhart-Goshen [Urban core]	0.55348908
E0068	IN, Kendallville [Suburban]	0.564917858
E0069	IN, Angola [Suburban]	0.563557074
E0071	IN, Fort Wayne-Huntington-Auburn [Large rural]	0.555932955
E0072	IN, Fort Wayne-Huntington-Auburn [Urban core]	0.538616745
E0073	IN, Kokomo [Urban core]	0.563091476
E0074	IN, Tippecanoe County [Urban core]	0.56294097
E0075	IN, Wabash [Suburban]	0.564347394
E0076	IN, Dearborn County [Urban core]	0.561180671
E0077	IN, Franklin County [Urban core]	0.512061354
E0078	IN, Madison [Suburban]	0.578732231
E0079	IN, Clark County [Urban core]	0.552734811
E0080	IN, Columbus [Urban core]	0.547955677
E0081	IN, Bloomington-Bedford [Suburban]	0.502187037
E0082	IN, Muncie [Urban core]	0.569205055
E0083	IN, New Castle [Suburban]	0.525329237
E0084	IN, Monroe County [Urban core]	0.492660653
E0085	IN, Washington [Urban core]	0.563640067
E0086	IN, Terre Haute [Urban core]	0.571988737
E0087	IN, Vincennes [Suburban]	0.578626106
E0088	IN, Jasper [Suburban]	0.566177908
E0089	IN, Evansville [Urban core]	0.56458399
E0090	IN, Evansville [Large rural]	0.584007267
E0091	IN, Jasper [Large rural]	0.592863539
E0092	IN, Warren County [Urban core]	0.575502334
E0093	IN, Lake County-Porter County-Jasper County [Large rural]	0.556015097
E0094	MI, Wayne County [Urban core] [Central]	0.5472316
E0095	MI, St. Clair County [Urban core]	0.548288407
E0096	MI, Oakland County [Urban core] [Central] 1	0.533234625
E0097	MI, Detroit-Dearborn-Livonia [Urban core] [Central]	0.583781816
E0098	MI, Ann Arbor [Urban core]	0.507007668
E0099	MI, Oakland County [Urban core] [Central] 2	0.500193666
E0100	MI, Monroe [Urban core]	0.543983808
E0101	MI, Adrian [Suburban]	0.554041481
E0102	MI, Oakland County [Urban core] [Central] 3	0.556062005
E0103	MI, Warren-Troy-Farmington Hills [Small town/rural]	0.552409367
E0104	MI, Flint [Urban core]	0.533906793
E0105	MI, Huron County [Small town/rural]	0.502399089
E0106	MI, Saginaw [Urban core]	0.557127525
E0107	MI, Saginaw-Midland-Bay City [Small town/rural]	0.519631803
E0108	MI, Bay City [Urban core]	0.559127954
E0109	MI, Midland [Urban core]	0.565253731
E0110	MI, Traverse City [Large rural]	0.529784065
E0111	MI, Alpena [Suburban]	0.528277238
E0112	MI, Grand Rapids-Wyoming [Small town/rural]	0.562360855
E0113	MI, Ingham County [Urban core]	0.49838353
E0114	MI, Kent County [Urban core]	0.525695179
E0115	MI, Eaton County [Urban core]	0.549662047
E0116	MI, Grand Rapids-Wyoming [Large rural]	0.524503051
E0117	MI, Kalamazoo-Portage [Urban core]	0.551804563
E0118	MI, Battle Creek [Urban core]	0.526353462
E0119	MI, Niles [Urban core]	0.540610674
E0120	MI, Coldwater [Suburban]	0.552173222
E0121	MI, Sturgis [Suburban]	0.533419962
E0122	MI, Jackson [Urban core]	0.513780579
E0123	MI, Hillsdale [Suburban]	0.526511165
E0124	MI, Grand Rapids-Wyoming [Suburban]	0.545292407
E0125	MI, Newaygo County [Urban core]	0.535894428
E0126	MI, Ludington [Suburban]	0.549691721
E0127	MI, Ottawa County [Urban core]	0.473383118
E0128	MI, Muskegon-Norton Shores [Urban core]	0.539771872
E0129	MI, Cadillac [Suburban]	0.510189551
E0130	MI, Traverse City [Suburban]	0.517082092
E0131	MI, Ludington [Large rural]	0.550491919
E0132	MI, Alpena [Small town/rural]	0.523520212
E0133	MI, Petoskey [Large rural]	0.554623351
E0134	MI, Sault Ste. Marie [Suburban]	0.56657104
E0135	MI, Sault Ste. Marie [Large rural]	0.56108421
E0136	MI-WI, Iron Mountain [Suburban]	0.579023506
E0137	MI, Escanaba [Suburban]	0.590818232
E0138	MI, Marquette [Suburban]	0.540746214
E0139	MI, Alger County [Large rural]	0.550122039
E0140	MI, Schoolcraft County [Large rural]	0.552462964
E0141	WI-MI, Marinette [Suburban]	0.524364067
E0142	MI, Houghton [Suburban]	0.643325804
E0143	MI, Baraga County [Small town/rural]	0.566486531
E0144	MI, Gogebic County [Large rural]	0.588730968
E0145	MI, Ontonagon County [Small town/rural]	0.557605988
E0146	WI, Sheboygan [Urban core]	0.555070224
E0147	WI, Washington County [Urban core]	0.501002847
E0148	WI, Milwaukee County [Urban core] [Central] 1	0.565010034
E0149	WI, Green Bay-Shawano [Suburban]	0.534472129
E0150	WI, Waukesha County [Urban core]	0.573435859
E0151	WI, Milwaukee County [Urban core] [Central] 2	0.530407923
E0152	WI, Milwaukee-Racine-Waukesha [Large rural]	0.582020842
E0153	WI, Watertown-Fort Atkinson [Suburban]	0.524631639
E0154	WI, Fond du Lac [Urban core]	0.604148576
E0155	WI, Kenosha [Urban core]	0.525227311
E0156	WI, Racine-Mount Pleasant [Urban core]	0.535157683
E0157	WI, Rock County [Urban core] [Central] 1	0.526309767
E0158	WI, Sauk County [Large rural] [Central] 1	0.584780328
E0159	IL, Freeport [Suburban]	0.544400821
E0160	WI, Madison [Urban core]	0.515001057
E0161	WI, Platteville [Small town/rural]	0.558620791
E0162	WI, Sauk County [Large rural] [Central] 2	0.534902971
E0163	MN, Jackson County [Large rural]	0.583633913
E0164	WI, Columbia County [Small town/rural]	0.5880666
E0165	WI-MN, La Crosse-Onalaska-Sparta [Large rural]	0.518043022
E0166	WI, Eau Claire-Menomonie [Suburban]	0.527259001
E0167	WI, St. Croix County [Small town/rural]	0.570254475
E0168	WI, Green Bay-Shawano [Urban core]	0.543330254
E0169	WI, Appleton [Urban core]	0.560396498
E0170	WI, Green Bay-Shawano [Small town/rural]	0.53172447
E0171	WI, Green Bay-Shawano [Large rural]	0.574206023
E0172	WI, Wausau-Stevens Point-Wisconsin Rapids [Urban core]	0.557296375
E0173	WI, Stevens Point-Plover [Suburban]	0.563786731
E0174	WI, Wausau [Suburban]	0.550591074
E0175	WI, Price County [Small town/rural]	0.545187784
E0176	WI, Oneida County [Small town/rural]	0.535610095
E0177	WI-MN, La Crosse-Onalaska-Sparta [Urban core]	0.580655036
E0178	MN, Rochester-Austin-Winona [Small town/rural]	0.541352954
E0179	WI, Trempealeau County [Small town/rural]	0.549970226
E0180	MN, Rochester-Austin-Winona [Suburban]	0.523739523
E0181	WI, Eau Claire County [Urban core]	0.499236195
E0182	WI, Chippewa County [Urban core]	0.524474516
E0183	WI, Eau Claire [Large rural]	0.5471335
E0184	WI, Rice Lake [Large rural]	0.591792608
E0185	WI, Trempealeau County [Urban core]	0.500648924
E0187	WI, Bayfield County [Large rural]	0.550936563
E0188	WI, Douglas County [Small town/rural]	0.563428404
E0189	WI, Appleton-Oshkosh-Neenah [Large rural]	0.54336537
E0190	MN, Ramsey County [Urban core]	0.494254219
E0191	MN, Isanti County [Urban core]	0.538666279
E0192	MN, Hennepin County [Urban core] [Central] 1	0.503066526
E0193	MN, Chisago County [Urban core]	0.512758696
E0194	MN, Hennepin County [Urban core] [Central] 2	0.491750434
E0195	MN, Hutchinson [Suburban]	0.551480815
E0196	MN, St. Cloud [Urban core]	0.494335274
E0197	MN, Mankato-New Ulm [Small town/rural]	0.543548956
E0198	MN, Hennepin County [Urban core] [Central] 3	0.487070138
E0199	MN, Carver County [Urban core]	0.555176418
E0200	MN, Scott County [Urban core]	0.540712859
E0201	MN, Hennepin County [Urban core] [Central] 4	0.534086751
E0202	MN-WI, Duluth [Large rural]	0.556445208
E0203	MN, St. Louis County [Suburban] [Central] 1	0.526700803
E0204	MN, St. Louis County [Suburban] [Central] 2	0.585742102
E0205	MN, Grand Rapids [Large rural]	0.552808762
E0206	MN, St. Louis County [Urban core]	0.518561198
E0207	MN, Rochester-Austin-Winona [Urban core]	0.518282071
E0208	MN, Mankato-New Ulm [Urban core]	0.54444394
E0209	MN, Mankato-New Ulm [Large rural]	0.63151687
E0210	MN-WI, Minneapolis-St. Paul-Bloomington [Suburban]	0.575290188
E0212	SD-MN, Sioux Falls [Large rural]	0.55418713
E0213	MN, Worthington [Small town/rural]	0.559360048
E0215	MN, Willmar [Suburban]	0.510957291
E0217	MN, Clay County [Urban core]	0.507415949
E0218	MN, Marshall [Small town/rural]	0.531532115
E0219	ND-MN, Fargo-Wahpeton [Suburban]	0.530183492
E0220	MN, Big Stone County [Small town/rural]	0.533986859
E0221	MN, Yellow Medicine County [Large rural]	0.564339537
E0222	MN, Mille Lacs County [Small town/rural]	0.532872416
E0223	MN, St. Cloud [Large rural]	0.528447782
E0224	MN, Alexandria, MN-Fergus Falls [Large rural]	0.560823783
E0225	MN, Brainerd [Suburban]	0.552347237
E0226	MN, Fergus Falls [Large rural] [Central]	0.562923211
E0227	MN, Brainerd [Large rural]	0.568228551
E0228	MN, Bemidji [Suburban]	0.531405867
E0229	MN, Polk County [Small town/rural]	0.572398527
E0230	MN, Otter Tail County [Large rural]	0.496253
E0231	IL, Lake County [Urban core]	0.520523446
E0232	IL, Cook County [Urban core] [Central] 2	0.571711457
E0233	IL, McHenry County [Urban core]	0.543374356
E0234	IL, Cook County [Urban core] [Central] 3	0.486649905
E0235	IL, Kane County [Urban core]	0.559387241
E0236	IL, DuPage County [Urban core] [Central] 1	0.591031418
E0237	IL, DeKalb County [Urban core]	0.546135338
E0238	IL, Cook County [Urban core] [Central] 4	0.540127821
E0239	IL, Cook County [Urban core] [Central] 5	0.576474897
E0240	IL, Will County [Urban core]	0.590641319
E0241	IL, Cook County [Urban core] [Central] 6	0.547376523
E0242	IL, DuPage County [Urban core] [Central] 2	0.57178325
E0243	IL, Bloomington-Pontiac [Urban core]	0.608692347
E0244	IL, Kankakee [Urban core]	0.594877611
E0245	IL, Ottawa [Urban core]	0.602693017
E0246	IL, Danville [Large rural]	0.588927509
E0247	IL, Champaign-Urbana [Urban core]	0.614083668
E0248	IL, Rockford-Freeport-Rochelle [Small town/rural]	0.592893577
E0249	IL, Rochelle [Suburban]	0.602624366
E0250	IL, Rockford-Freeport-Rochelle [Urban core]	0.556535906
E0251	IL, Dixon-Sterling [Suburban]	0.545285361
E0252	IL, Rock Island County [Urban core] [Central] 1	0.580070192
E0253	IA-IL, Davenport-Moline [Large rural]	0.558450831
E0254	IL, Rock Island County [Urban core] [Central] 2	0.562388262
E0255	IL-IN-WI, Chicago-Naperville [Suburban] [Central]	0.619408678
E0256	IL, Ottawa [Large rural]	0.589688717
E0257	IL, Peoria County [Urban core]	0.593503516
E0258	IL, Galesburg [Suburban]	0.509699363
E0259	IL, Macomb [Suburban]	0.593173752
E0260	IL, Canton [Suburban]	0.577099812
E0261	IL, Henderson County [Suburban]	0.554921314
E0262	IL, Lee County [Suburban]	0.591624467
E0263	IL, Tazewell County [Urban core] [Central] 1	0.603775585
E0264	IL, Lincoln [Suburban]	0.590042774
E0265	IL, Decatur [Urban core]	0.643490031
E0266	IL, Tazewell County [Urban core] [Central] 2	0.520783653
E0267	IL, Champaign-Urbana [Large rural]	0.619076645
E0268	IL, Danville [Urban core]	0.556380037
E0269	IL, Charleston-Mattoon [Suburban]	0.59804444
E0270	IL, Shelby County [Large rural]	0.576460822
E0271	IL, Madison County [Urban core] [Central] 1	0.577513138
E0272	IL, Madison County [Urban core] [Central] 2	0.577715955
E0273	IL, Calhoun County [Urban core]	0.600737673
E0274	IL, Macoupin County [Urban core]	0.548530969
E0275	MO-IL, St. Louis-St. Charles-Farmington [Small town/rural]	0.601672563
E0276	IL, Montgomery County [Large rural]	0.574036254
E0277	IL, Bond County [Large rural]	0.546424091
E0278	IL, St. Clair County [Urban core]	0.590035679
E0279	IL, Mount Vernon [Large rural]	0.581814153
E0280	IL, Monroe County [Large rural]	0.546146569
E0281	IL, St. Clair County [Large rural]	0.593893739
E0282	IL, Carbondale [Urban core]	0.610452872
E0283	IL-MO, Quincy [Suburban]	0.583688212
E0284	IL, Jacksonville [Large rural]	0.631609924
E0285	IL, Jacksonville [Suburban]	0.593805864
E0286	IL, Effingham [Suburban]	0.575756009
E0287	IL, Crawford County [Large rural]	0.595127237
E0288	IL, Effingham [Large rural]	0.559579704
E0289	IL, Springfield-Jacksonville-Lincoln [Urban core]	0.592657642
E0290	IL, Mount Vernon [Suburban]	0.567800412
E0291	IL, Marion-Herrin [Urban core]	0.567357206
E0292	IL, Hamilton County [Large rural]	0.597273059
E0293	IL, White County [Large rural]	0.559705724
E0294	IL, Centralia [Large rural]	0.574207896
E0295	IL, Hardin County [Large rural]	0.543935061
E0296	OH, Dayton-Springfield-Kettering [Large rural]	0.548773134
E0297	OH, Licking County [Urban core]	0.547034564
E0298	OH, Marietta [Large rural]	0.557436583
E0299	OH, Marietta [Urban core]	0.535768735
E0300	IN, Perry County [Large rural]	0.555919046
E0301	IN, Owen County [Urban core]	0.532352941
E0302	IN, Lake County-Porter County-Jasper County [Suburban]	0.539851875
E0303	IN-MI, South Bend-Elkhart-Mishawaka [Large rural]	0.575170361
E0304	MI, Holland [Urban core]	0.564359246
E0305	MI, Mount Pleasant-Alma [Suburban]	0.534407874
E0306	IL, Peoria [Suburban]	0.58096292
E0307	IL, Elgin [Suburban]	0.617703047
E0308	WI, Rock County [Urban core] [Central] 2	0.55040215
E0309	WI, Iowa County [Small town/rural]	0.552511403
E0310	WI-MI, Marinette-Iron Mountain [Small town/rural]	0.566636938
E0311	OH, Lima-Van Wert-Celina [Small town/rural]	0.547540586
E0312	OH, Butler County [Urban core]	0.523717717
E0313	WI, Oshkosh-Neenah [Urban core]	0.576529216
E0314	WI, Beaver Dam [Urban core]	0.552609484
E0315	WI, Whitewater-Elkhorn [Suburban]	0.546633298
E0316	ND-MN, Grand Forks [Large rural]	0.586475183
E0317	MN, Carlton County-Douglas County-St. Louis County [Small town/rural]	0.547749994
E0318	MN, Douglas County [Urban core]	0.58012012
E0319	MN, St. Croix County [Urban core]	0.558483494
E0320	WI, Platteville [Large rural]	0.537192461
E0321	MN, Fergus Falls [Suburban]	0.519217018
E0322	WI, Clark County [Small town/rural]	0.550494677
E0323	MN, Dakota County [Urban core]	0.554135157
E0324	MN, Owatonna [Suburban]	0.567772887
E0325	MN, Mankato-New Ulm [Suburban]	0.565748318
E0326	MN, Sherburne County [Urban core]	0.538398247
E0327	ND-MN, Fergus Falls, MN-Wahpeton [Small town/rural]	0.543003061
E0328	MN, Detroit Lakes [Small town/rural]	0.577543592
E0329	IL, DuPage County [Urban core] [Central] 3	0.545854388
E0330	IL, Clinton County [Large rural]	0.611620146
F0001	LA, Jefferson Parish [Urban core] [Central] 1	0.520739317
F0002	LA, St. Charles Parish [Urban core]	0.579661639
F0003	LA, Orleans Parish [Urban core]	0.556508255
F0004	LA, Jefferson Parish [Urban core] [Central] 2	0.564698417
F0005	LA, East Baton Rouge Parish [Urban core] [Central] 1	0.581531168
F0006	LA, Lafourche Parish [Urban core] [Central] 1	0.592315794
F0007	LA, Lafourche Parish [Urban core] [Central] 2	0.603863501
F0008	LA, Baton Rouge-Hammond, LA-Lafayette-New Iberia-Opelousas [Suburban]	0.570208216
F0009	LA, Terrebonne Parish [Urban core]	0.581898006
F0010	LA, Hammond [Urban core]	0.54971097
F0011	LA, Slidell-Mandeville-Covington [Urban core]	0.545510885
F0012	LA, Lafayette [Urban core]	0.586484588
F0013	LA, Lafayette [Large rural]	0.614005567
F0014	LA, Lafayette-New Iberia-Opelousas [Suburban]	0.581290453
F0015	LA, Opelousas [Large rural]	0.547375094
F0016	LA, Rapides Parish [Urban core]	0.589715116
F0017	LA, Calcasieu Parish [Urban core] [Central] 1	0.604292364
F0018	LA, Calcasieu Parish [Urban core] [Central] 2	0.583247282
F0019	LA, Lake Charles-DeRidder [Suburban]	0.576522845
F0020	LA, East Baton Rouge Parish [Urban core] [Central] 2	0.590366347
F0021	LA, Pointe Coupee Parish [Urban core]	0.570942332
F0022	LA, Shreveport-Bossier City-Minden [Suburban]	0.57720374
F0023	LA, Shreveport-Bossier City-Minden [Urban core]	0.539437533
F0024	LA, Shreveport-Bossier City-Minden [Large rural]	0.578104803
F0025	LA, Monroe-Ruston [Suburban]	0.577347374
F0026	LA, Monroe-Ruston [Urban core]	0.574324186
F0027	LA, Monroe-Ruston [Large rural]	0.527533428
F0028	LA, West Carroll Parish [Small town/rural]	0.54291989
F0029	LA, Baton Rouge-Hammond [Small town/rural]	0.574241486
F0030	LA, Grant Parish [Urban core]	0.54947349
F0031	LA, Alexandria [Large rural]	0.564318445
F0032	LA, Natchitoches [Suburban]	0.529675898
F0033	AR, Pine Bluff [Urban core]	0.633174011
F0034	AR, Cleveland County-Jefferson County [Large rural]	0.57389912
F0035	AR, Cleveland County [Large rural]	0.563673728
F0036	MS, Greenville [Large rural]	0.587704864
F0037	AR, Camden [Suburban]	0.584408322
F0038	AR, El Dorado [Suburban]	0.54080085
F0039	AR, Magnolia [Suburban]	0.562634173
F0041	AR, Little River County [Large rural]	0.531612849
F0042	AR, Sevier County [Large rural]	0.549531105
F0043	AR, Howard County [Large rural]	0.560032378
F0044	TX-AR, Texarkana [Urban core]	0.565989255
F0045	AR, Hot Springs-Malvern [Urban core]	0.581261435
F0046	AR, Polk County [Large rural]	0.581883083
F0048	AR, Montgomery County [Small town/rural]	0.575795601
F0049	AR, Pulaski County [Urban core] [Central] 1	0.604943789
F0050	AR, Woodruff County [Small town/rural]	0.549133064
F0051	AR, Pulaski County [Urban core] [Central] 2	0.583277473
F0052	AR, Searcy [Suburban]	0.534501516
F0053	AR, Saline County [Urban core]	0.600038032
F0054	AR, Russellville [Small town/rural]	0.524695851
F0055	AR, Faulkner County [Urban core]	0.550411887
F0056	AR, Forrest City [Suburban]	0.594939287
F0057	AR, Perry County [Large rural]	0.57201966
F0058	AR, Arkansas County [Large rural]	0.536558302
F0059	AR, Batesville [Small town/rural] [Central]	0.58637604
F0060	AR, Faulkner County [Large rural]	0.530718529
F0061	AR, Batesville [Large rural]	0.588917403
F0062	AR, Crittenden County [Urban core]	0.574089994
F0063	AR, Craighead County [Urban core]	0.596897149
F0064	AR, Forrest City [Small town/rural]	0.578725963
F0065	AR, Phillips County [Suburban]	0.549048072
F0066	AR, Poinsett County [Urban core]	0.57653763
F0067	AR, Jonesboro-Paragould [Suburban]	0.587941948
F0068	AR, Jonesboro [Large rural]	0.557501623
F0069	AR, Paragould [Large rural]	0.573331197
F0070	AR, Batesville [Suburban]	0.578395457
F0071	AR, Fulton County [Small town/rural]	0.556147026
F0072	AR, Mountain Home [Small town/rural]	0.527789172
F0073	AR, Mountain Home [Suburban]	0.577957211
F0074	AR, Harrison [Suburban]	0.580393561
F0075	AR, Harrison [Large rural]	0.601479662
F0076	AR, Boone County [Small town/rural]	0.581190544
F0077	AR, Newton County [Small town/rural]	0.51721051
F0078	TX, Harris County [Urban core] [Central] 1	0.54766898
F0079	AR, Washington County [Urban core]	0.557492337
F0080	AR, Benton County [Urban core]	0.593812693
F0081	AR, Pope County [Suburban]	0.543044893
F0082	AR-OK, Fort Smith [Large rural]	0.612580075
F0083	AR, Yell County [Suburban]	0.563686862
F0084	AR, Russellville [Large rural]	0.572232597
F0085	AR, Sebastian County [Urban core]	0.554017423
F0086	OK, Le Flore County [Urban core]	0.544303564
F0087	OK, Oklahoma City [Suburban]	0.526792976
F0088	OK, Oklahoma County [Urban core]	0.592979286
F0089	OK, Lawton [Urban core]	0.588870351
F0090	OK, Canadian County [Suburban]	0.584125795
F0091	OK, Cleveland County [Urban core]	0.592964309
F0092	OK, Canadian County [Large rural]	0.575571275
F0093	OK, Stillwater [Suburban]	0.551450449
F0094	OK, Logan County [Large rural]	0.558469888
F0095	OK, Murray County [Large rural]	0.551544048
F0096	OK, Duncan [Suburban]	0.598786469
F0097	OK, Garvin County [Large rural]	0.539497753
F0098	OK, Ardmore [Suburban]	0.595419497
F0099	OK, Ardmore [Small town/rural]	0.599748439
F0100	OK, Durant [Urban core]	0.614761124
F0101	OK, Altus [Suburban]	0.624874109
F0102	TX, Wichita Falls [Urban core]	0.524652592
F0103	OK, Weatherford [Large rural]	0.592003648
F0104	TX, Gainesville [Large rural]	0.556457151
F0105	OK, Custer County [Suburban]	0.583393619
F0106	OK, Elk City [Large rural]	0.532427714
F0108	OK, Enid [Suburban]	0.563617084
F0109	OK, Major County [Small town/rural]	0.551886234
F0110	OK, Woodward [Suburban]	0.565963978
F0111	OK, Woodward [Small town/rural]	0.574715577
F0112	OK, Guymon [Suburban]	0.596868848
F0113	NM, Las Vegas [Large rural]	0.559848465
F0114	TX, Amarillo-Borger [Suburban]	0.563686349
F0115	OK, Bartlesville [Suburban]	0.594242942
F0116	OK, Tulsa County [Urban core]	0.564452292
F0117	OK, Pawnee County [Urban core]	0.545017469
F0118	OK, Lincoln County [Large rural]	0.543935087
F0120	OK, Miami [Large rural]	0.556721822
F0121	OK, Tahlequah [Suburban]	0.558025024
F0122	OK, Miami [Suburban]	0.593100762
F0123	OK, Muskogee [Suburban]	0.558590703
F0124	OK, Latimer County [Large rural]	0.556016867
F0125	OK, McAlester [Suburban]	0.556154038
F0126	OK, Haskell County [Large rural]	0.565263854
F0127	OK, McAlester [Small town/rural]	0.543246015
F0128	OK, Ada [Suburban]	0.601662209
F0129	OK, Ada [Small town/rural]	0.565716906
F0130	OK, Durant [Large rural]	0.49807853
F0131	OK, Ponca City [Suburban]	0.568138685
F0132	TX, Dallas County [Urban core] [Central] 1	0.54951916
F0133	TX, Collin County [Urban core]	0.562674903
F0134	TX, Tarrant County [Urban core] [Central] 1	0.585131403
F0135	TX, Denton County [Urban core]	0.577249031
F0136	TX, Sherman-Denison [Urban core]	0.589976823
F0137	TX, Corsicana [Suburban]	0.614545141
F0138	TX, Tyler [Urban core]	0.566532012
F0139	TX, Dallas County [Urban core] [Central] 2	0.565578555
F0140	TX, Palestine [Suburban]	0.581102408
F0141	TX, Hunt County [Suburban]	0.589942135
F0142	TX, Paris [Suburban]	0.586269417
F0143	TX, Paris [Large rural]	0.55114369
F0144	TX, Sulphur Springs [Suburban]	0.565591078
F0145	TX, Longview [Urban core]	0.584454326
F0146	TX, Nacogdoches [Suburban]	0.585665652
F0147	TX, Houston-Pasadena [Small town/rural]	0.584942949
F0148	TX, Limestone County [Large rural]	0.578357626
F0149	TX, Tyler-Jacksonville [Suburban]	0.584345268
F0150	TX, Huntsville [Suburban]	0.562166564
F0151	TX, Beaumont-Port Arthur [Urban core]	0.559017556
F0152	TX, Beaumont-Port Arthur [Large rural]	0.55813171
F0153	TX, Tarrant County [Urban core] [Central] 2	0.54246075
F0154	TX, Tarrant County [Urban core] [Central] 3	0.54784023
F0155	TX, Bosque County [Urban core]	0.536081246
F0156	TX, Mineral Wells [Suburban]	0.56447615
F0157	TX, Dallas-Fort Worth-Arlington [Large rural]	0.539501689
F0158	TX, Clay County [Large rural]	0.518031691
F0159	TX, Gainesville [Suburban]	0.544441776
F0161	TX, Knox County [Small town/rural]	0.556207345
F0162	TX, Archer County [Large rural]	0.539711096
F0163	TX, Vernon [Suburban]	0.51522614
F0164	TX, Stephenville [Suburban]	0.595665471
F0165	TX, Abilene-Sweetwater [Urban core]	0.573745057
F0166	TX, Brownwood [Suburban]	0.603784403
F0167	TX, Killeen-Temple [Large rural]	0.550722168
F0168	TX, Brownwood [Large rural]	0.6109046
F0170	TX, Bell County [Urban core] [Central] 1	0.571344958
F0171	TX, Milam County [Large rural]	0.53381538
F0172	TX, Bell County [Urban core] [Central] 2	0.576089881
F0173	TX, McLennan County [Urban core]	0.546326826
F0174	TX, Hamilton County [Large rural]	0.560719399
F0175	TX, Austin-Round Rock-San Marcos [Urban core]	0.579074618
F0176	TX, College Station-Bryan [Urban core]	0.608250809
F0178	TX, San Angelo [Urban core]	0.557930686
F0179	TX, San Antonio-New Braunfels-Kerrville [Small town/rural]	0.597106043
F0180	TX, Del Rio [Large rural]	0.556048011
F0181	TX, Harris County [Urban core] [Central] 2	0.551604203
F0182	TX, Harris County [Urban core] [Central] 3	0.56570303
F0183	TX, Galveston County [Urban core]	0.554131774
F0184	TX, Montgomery County [Urban core]	0.558025203
F0185	TX, Fort Bend County [Urban core]	0.568128393
F0186	TX, Brazoria County [Urban core]	0.589808878
F0187	TX, Houston-Pasadena-The Woodlands [Large rural]	0.579424788
F0188	TX, Brenham [Suburban]	0.567630143
F0189	TX, Harris County [Urban core] [Central] 4	0.53365821
F0190	TX, Harris County [Urban core] [Central] 5	0.571685527
F0191	TX, Victoria-Port Lavaca [Urban core]	0.556296705
F0192	TX, Bexar County [Urban core]	0.568412748
F0193	TX, Eagle Pass [Suburban]	0.559029453
F0194	TX, Atascosa County [Urban core]	0.570987389
F0195	TX, Kerrville [Suburban]	0.583358823
F0196	TX, Corpus Christi-Kingsville-Alice [Urban core]	0.538987552
F0198	TX, Laredo [Urban core]	0.49577739
F0199	TX, Victoria-Port Lavaca [Large rural]	0.558837879
F0200	TX, Comal County [Urban core]	0.555806023
F0201	TX, Austin-Round Rock-San Marcos [Small town/rural]	0.58169172
F0202	TX, Hidalgo County [Urban core] [Central] 1	0.498666308
F0203	TX, Cameron County [Urban core] [Central] 1	0.495703895
F0204	TX, Hidalgo County [Urban core] [Central] 2	0.516920743
F0205	TX, Cameron County [Urban core] [Central] 2	0.484356643
F0206	TX, Fredericksburg [Suburban]	0.534660983
F0207	TX, Bastrop County [Large rural]	0.625826521
F0208	TX, Uvalde [Suburban]	0.533500018
F0209	TX, Amarillo-Borger [Urban core]	0.531529824
F0210	TX, Lipscomb County [Large rural]	0.519938472
F0211	TX, Castro County [Large rural]	0.571447794
F0212	TX, Parmer County [Large rural]	0.561675349
F0213	TX, Amarillo-Borger [Large rural]	0.577897248
F0214	TX, Plainview [Suburban]	0.578226421
F0215	TX, Plainview [Large rural]	0.539878566
F0217	TX, Cottle County [Large rural]	0.574380155
F0218	TX, Lubbock-Plainview [Urban core]	0.560873069
F0219	TX, Midland-Odessa-Andrews [Suburban]	0.554196254
F0221	TX, Snyder [Large rural]	0.543858976
F0222	TX, Abilene [Large rural]	0.567752411
F0223	TX, Snyder [Suburban]	0.603213681
F0224	TX, Midland [Urban core]	0.579950867
F0225	TX, Odessa [Urban core]	0.607907214
F0226	TX, Town of Pecos [Large rural]	0.567917142
F0227	TX, El Paso [Urban core]	0.583204464
F0228	NM, Cibola County [Suburban]	0.549021478
F0229	NM, Albuquerque [Urban core]	0.520732718
F0230	NM, Farmington [Large rural]	0.541355733
F0231	NM, McKinley County [Suburban]	0.60804722
F0232	NM, Farmington [Urban core]	0.557418837
F0233	NM, Santa Fe [Urban core]	0.602865644
F0234	NM, Taos [Suburban]	0.579717292
F0235	NM, Espaola [Urban core]	0.549790118
F0236	NM, Socorro County [Large rural]	0.563288555
F0237	NM, Sierra County [Large rural]	0.558243465
F0238	NM, Las Cruces [Urban core]	0.534633728
F0239	NM, Silver City [Suburban]	0.631702383
F0240	NM, Curry County [Suburban]	0.570398818
F0241	NM, Roswell [Suburban]	0.57147459
F0242	NM, Hobbs [Suburban]	0.519208154
F0243	NM, Ruidoso [Large rural]	0.576298551
F0244	NM, Alamogordo [Suburban]	0.573129115
F0246	OK, Sequoyah County [Urban core]	0.531090722
F0247	TX, Mineral Wells [Large rural]	0.545864475
F0248	TX, Parker County [Suburban]	0.566115169
F0249	TX, Dallas County [Urban core] [Central] 3	0.56514141
F0250	OK, Lawton-Duncan [Large rural]	0.588715902
F0251	TX-NM, El Paso-Las Cruces [Suburban]	0.576362342
F0252	NM, Roosevelt County [Suburban]	0.572353159
F0254	OK, Tulsa [Suburban]	0.561436545
F0255	TX, Sabine County [Small town/rural]	0.636763056
F0256	TX, Abilene-Sweetwater [Suburban]	0.566338112
F0257	TX, Victoria-Port Lavaca [Small town/rural]	0.621845429
F0258	TX, San Antonio-New Braunfels-Kerrville [Large rural]	0.577557075
F0259	TX, Lubbock [Large rural]	0.584049678
F0260	TX, Big Spring [Large rural]	0.585480801
G0001	IA, Des Moines-West Des Moines [Large rural]	0.579424962
G0002	IA, Pottawattamie County [Large rural]	0.593830992
G0003	IA, Des Moines-West Des Moines [Urban core]	0.540527638
G0004	IA, Grundy County [Small town/rural]	0.548120821
G0005	IA, Wayne County [Small town/rural]	0.524227482
G0006	IA, Ames [Urban core]	0.55810095
G0007	IA, Des Moines-West Des Moines [Small town/rural]	0.569606642
G0008	IA, Ottumwa [Large rural]	0.589652427
G0009	IA, Oskaloosa [Suburban]	0.601258321
G0010	IA, Mason City [Suburban]	0.596953479
G0011	IA, Hancock County [Small town/rural]	0.556207969
G0012	IA, Franklin County [Large rural]	0.522391394
G0013	IA, Kossuth County [Large rural]	0.55775508
G0014	IA, Fort Dodge [Suburban]	0.550607433
G0015	IA, Spencer-Spirit Lake [Large rural]	0.591084824
G0016	IA, Waterloo-Cedar Falls [Urban core]	0.592101672
G0017	IA, Fayette County [Small town/rural]	0.632597997
G0018	IA, Montgomery County [Small town/rural]	0.618551046
G0019	IA-NE-SD, Sioux City [Urban core]	0.603190906
G0020	IA, Le Mars [Large rural]	0.541901207
G0021	IA, Storm Lake [Large rural]	0.636267946
G0022	IA, Ida County [Small town/rural]	0.609421011
G0023	IA, Monona County [Small town/rural]	0.584265689
G0024	KS, Wichita [Suburban]	0.592174235
G0025	IA, O'Brien County [Large rural]	0.571394976
G0026	IA, Sioux County [Small town/rural]	0.571125615
G0027	IA, Osceola County [Large rural]	0.526076755
G0028	IA, Spencer-Spirit Lake [Suburban]	0.572720435
G0029	IA, Carroll [Large rural]	0.620064348
G0031	NE, Douglas County [Urban core]	0.53546677
G0032	IA, Shelby County [Small town/rural]	0.578950018
G0033	IA, Dubuque [Urban core]	0.554452258
G0034	IA, Scott County [Urban core]	0.55738691
G0035	IA, Cedar Rapids, IA-Dubuque [Large rural]	0.584069177
G0036	IA, Clinton [Suburban]	0.519601251
G0037	IA, Winneshiek County [Large rural]	0.557789915
G0038	IA, Iowa City [Large rural]	0.603254571
G0039	IA, Cedar Rapids [Urban core]	0.553787345
G0040	IA, Iowa City [Urban core]	0.552640898
G0041	IA, Cedar Rapids-Iowa City [Suburban]	0.577671602
G0042	IA, Des Moines County [Suburban]	0.584489313
G0043	IA, Lee County [Suburban]	0.599584678
G0044	MO, St. Louis County [Urban core]	0.590502072
G0045	MO, Franklin County [Urban core]	0.558366117
G0046	MO, St. Francois County [Urban core]	0.57080023
G0047	MO, Callaway County [Large rural]	0.609844312
G0048	MO, Hannibal [Suburban]	0.614614834
G0049	MO, Kirksville [Suburban]	0.580248727
G0050	MO, Moberly [Large rural]	0.592397858
G0051	MO, Linn County [Small town/rural]	0.595140663
G0052	MO, Rolla [Suburban]	0.552622673
G0053	MO-IL, Cape Girardeau-Sikeston [Suburban]	0.58856742
G0054	MO-IL, Cape Girardeau-Sikeston [Urban core]	0.588994167
G0055	MO, Jackson County [Urban core]	0.555915648
G0056	MO, Livingston County [Large rural]	0.590007651
G0057	MO, Warrensburg [Large rural]	0.553140705
G0058	MO, Bates County [Large rural]	0.57825301
G0059	MO, Clay County [Urban core]	0.587232593
G0060	MO-KS, St. Joseph [Urban core]	0.536033377
G0061	MO, Maryville [Suburban]	0.574665213
G0062	MO, Harrison County [Small town/rural]	0.570568115
G0063	MO, Caldwell County [Large rural]	0.628644874
G0064	KS, Johnson County [Urban core]	0.568641776
G0065	MO-KS, Joplin [Large rural]	0.570205374
G0066	MO-KS, Joplin [Urban core]	0.594191053
G0067	MO, Springfield [Large rural]	0.570289029
G0068	MO, Columbia [Urban core]	0.568327152
G0069	MO, Jefferson City [Urban core]	0.533143182
G0070	MO, Lebanon [Small town/rural]	0.528050996
G0071	MO, Columbia [Large rural]	0.554563768
G0072	MO, West Plains [Suburban]	0.589766392
G0073	MO, Springfield [Urban core]	0.564228613
G0074	KS, Lawrence [Urban core]	0.547715985
G0075	KS, Linn County [Large rural]	0.571108789
G0076	MO-KS, Kansas City-Overland Park-Kansas City [Small town/rural]	0.601928514
G0077	KS, Topeka [Urban core]	0.526472006
G0078	KS, Manhattan [Large rural]	0.561122592
G0079	KS, Jackson County [Large rural]	0.595070254
G0080	KS, Brown County [Large rural]	0.542319913
G0081	KS, Salina [Suburban]	0.565568303
G0082	KS, Emporia [Suburban]	0.575491935
G0083	KS, Pittsburg [Suburban]	0.544326834
G0084	MO-KS, Joplin [Suburban]	0.563776599
G0085	KS, Wichita [Large rural]	0.555302533
G0086	NE, Lincoln-Beatrice [Suburban]	0.583498042
G0087	KS, Republic County [Small town/rural]	0.637150167
G0088	KS, Manhattan [Small town/rural]	0.55981888
G0089	KS, Mitchell County [Large rural]	0.588354156
G0090	KS, Wichita-Arkansas City-Winfield [Urban core]	0.542182513
G0091	KS, Hutchinson [Suburban]	0.601433003
G0093	KS, Kingman County [Large rural]	0.561254855
G0095	KS, Dickinson County [Large rural]	0.571002165
G0098	KS, Great Bend [Large rural]	0.548332285
G0099	KS, Great Bend [Suburban]	0.517797676
G0102	KS, Garden City [Suburban]	0.574256253
G0103	KS, Trego County [Small town/rural]	0.508972171
G0104	KS, Norton County [Large rural]	0.512798678
G0105	KS, Rooks County [Small town/rural]	0.515386414
G0106	KS, Thomas County [Small town/rural]	0.558435359
G0114	NE-IA, Omaha-Fremont [Suburban]	0.515355362
G0115	NE, Dodge County [Small town/rural]	0.639479271
G0116	NE, Saunders County [Large rural]	0.542605764
G0117	NE, Nemaha County [Large rural]	0.554864299
G0118	NE, Lincoln-Beatrice [Large rural]	0.568602528
G0119	NE, Lincoln-Beatrice [Urban core]	0.494840213
G0120	NE, Lincoln-Beatrice [Small town/rural]	0.512828063
G0121	NE, Hastings [Small town/rural]	0.519887508
G0122	NE, Hastings [Suburban]	0.568577291
G0123	NE, Columbus [Small town/rural]	0.563904456
G0124	NE, Antelope County [Small town/rural]	0.510338407
G0125	NE, Holt County [Small town/rural]	0.58743521
G0126	NE, Brown County [Small town/rural]	0.566606694
G0127	NE, Norfolk [Small town/rural]	0.582431687
G0128	NE, Grand Island [Urban core]	0.521803062
G0129	NE, Kearney [Suburban]	0.592266771
G0130	NE, Valley County [Small town/rural]	0.578625245
G0131	NE, Lexington [Large rural]	0.632394504
G0132	NE, Lexington [Small town/rural]	0.555859452
G0133	NE, North Platte [Large rural]	0.612462965
G0134	NE, North Platte [Suburban]	0.543278017
G0135	NE, Scottsbluff [Small town/rural]	0.539014639
G0136	NE, Scottsbluff [Large rural]	0.560952777
G0137	NE, Scottsbluff [Suburban]	0.569393011
G0138	IA, Winnebago County [Small town/rural]	0.547322673
G0139	IA, Fort Dodge [Small town/rural]	0.57277478
G0140	IA, Spencer-Spirit Lake [Small town/rural]	0.630165988
G0141	MO, Vernon County [Large rural]	0.591906426
G0142	MO, Sedalia [Suburban]	0.576575797
G0143	MO, Fort Leonard Wood [Suburban]	0.569962147
G0144	MO, Poplar Bluff [Small town/rural]	0.574457251
G0145	IA, Muscatine [Suburban]	0.571379745
G0146	IA, Butler County [Small town/rural]	0.589020888
G0147	IA, Mitchell County [Small town/rural]	0.581342824
G0148	IA, Le Mars [Small town/rural]	0.571614169
G0149	NE, Dakota County-Union County-Woodbury County [Small town/rural]	0.539913528
G0150	NE, Washington County [Urban core]	0.592463908
G0151	NE, Columbus [Large rural]	0.584100474
G0152	NE, Cass County [Urban core]	0.560808685
G0153	KS, Nemaha County [Small town/rural]	0.553958618
G0154	MO-KS, St. Joseph [Suburban]	0.593306863
G0155	KS, Manhattan [Urban core]	0.593428107
G0156	KS, Ottawa [Suburban]	0.569409892
G0157	MO-KS, Kansas City [Suburban]	0.574547836
G0158	MO, Platte County [Urban core]	0.56588111
G0159	MO, Lafayette County [Large rural]	0.601372437
G0160	NE, Norfolk [Suburban]	0.544532254
G0161	KS, Pratt County [Large rural]	0.534677387
G0162	KS, Hays [Suburban]	0.554485419
G0163	KS, Republic County [Large rural]	0.562768699
G0164	NE, Cherry County [Large rural]	0.563337271
G0165	NE, Lexington [Suburban]	0.536491882
G0166	NE, North Platte [Small town/rural]	0.581468186
H0001	SD, Watertown [Suburban]	0.545985214
H0002	SD, Brookings [Suburban]	0.645995863
H0003	SD, Yankton [Suburban]	0.621055432
H0004	SD, Yankton [Small town/rural]	0.599114304
H0005	SD, Watertown [Large rural]	0.598233831
H0006	SD, Watertown [Small town/rural]	0.588907109
H0007	SD, Huron [Suburban]	0.605193214
H0008	SD, Mitchell [Suburban]	0.605323332
H0009	SD, Gregory County [Small town/rural]	0.47418055
H0010	SD, Rapid City-Spearfish [Small town/rural]	0.558907676
H0011	SD, Hand County [Small town/rural]	0.577837749
H0012	SD, Hanson County [Small town/rural]	0.624944342
H0013	SD, Brule County [Small town/rural]	0.572349432
H0015	SD, Aberdeen [Suburban]	0.544600827
H0018	SD, Spink County [Small town/rural]	0.567327395
H0020	SD, Rapid City-Spearfish [Urban core]	0.563625004
H0022	ND, Dickinson [Small town/rural]	0.589671873
H0023	CO, Arapahoe County [Urban core]	0.494743407
H0024	SD, Rapid City-Spearfish [Large rural]	0.53078882
H0025	ND, Cass County [Urban core]	0.552530065
H0026	ND-MN, Fargo-Wahpeton [Large rural]	0.527910723
H0027	ND-MN, Grand Forks [Urban core]	0.656408696
H0028	ND, Walsh County [Small town/rural]	0.538923172
H0029	ND, Traill County [Small town/rural]	0.563714816
H0030	ND, Minot [Large rural]	0.549275838
H0031	ND, Jamestown [Small town/rural]	0.542717164
H0032	ND, Jamestown [Suburban]	0.620537295
H0034	ND, Bismarck [Urban core]	0.582511067
H0035	ND, Bismarck [Small town/rural]	0.560561756
H0036	ND, Dickinson [Suburban]	0.606676644
H0037	CO, Larimer County [Urban core] [Central] 1	0.555947267
H0038	ND, Minot [Suburban]	0.613984693
H0041	MT, Stillwater County [Small town/rural]	0.568730754
H0042	UT, Vernal [Suburban]	0.582799917
H0043	MT, Carbon County [Small town/rural]	0.542385324
H0044	MT, Billings [Large rural]	0.549349659
H0045	MT, Rosebud County [Small town/rural]	0.456525244
H0046	MT, Billings [Urban core]	0.480514992
H0048	MT, Custer County [Large rural]	0.561390838
H0049	ND, Dickinson [Large rural]	0.547618947
H0052	MT, Great Falls [Urban core]	0.5519267
H0053	MT, Glacier County [Large rural]	0.527230608
H0054	MT, Blaine County [Large rural]	0.562347577
H0055	MT, Helena [Suburban]	0.509376273
H0056	MT, Bozeman [Suburban]	0.521921794
H0058	MT, Butte-Silver Bow [Large rural]	0.519300797
H0059	MT, Missoula [Urban core]	0.480557331
H0060	MT, Lake County [Small town/rural]	0.521429639
H0061	MT, Ravalli County [Large rural]	0.536680798
H0062	MT, Missoula [Small town/rural]	0.55428892
H0063	UT, Weber County [Urban core]	0.487728688
H0064	MT, Kalispell [Suburban]	0.496853809
H0065	CO, Jefferson County [Urban core] [Central] 1	0.503855653
H0066	CO, Colorado Springs [Urban core]	0.482794107
H0067	CO, Boulder [Urban core]	0.49793158
H0068	CO, Jefferson County [Urban core] [Central] 2	0.488877386
H0069	CO, Breckenridge [Suburban]	0.511615648
H0070	CO, Steamboat Springs [Suburban]	0.559560096
H0071	CO, Weld County [Urban core] [Central] 1	0.508305694
H0072	CO, Larimer County [Urban core] [Central] 2	0.479551769
H0073	CO, Weld County [Urban core] [Central] 2	0.533816453
H0074	CO, Fort Morgan [Suburban]	0.563820471
H0075	CO, Sterling [Suburban]	0.556448119
H0076	CO, Kit Carson County [Large rural]	0.536928739
H0077	CO, Denver-Aurora-Greeley [Small town/rural]	0.535676659
H0078	CO, Pueblo-Caon City [Urban core]	0.509917768
H0079	CO, Costilla County [Large rural]	0.565227575
H0080	CO, Baca County [Small town/rural]	0.544619663
H0081	CO, Prowers County [Large rural]	0.510025985
H0082	CO, Pueblo [Large rural]	0.526855353
H0083	CO, Alamosa County [Large rural]	0.521215444
H0084	CO, Durango [Suburban]	0.506524114
H0085	CO, Caon City [Large rural]	0.51425066
H0086	CO, Montrose [Large rural]	0.541847862
H0087	CO, Grand Junction [Urban core]	0.529031845
H0088	CO, Edwards-Rifle [Large rural]	0.531811004
H0089	WY, Casper [Urban core]	0.595743473
H0090	WY, Riverton [Suburban]	0.587793155
H0091	WY-UT, Evanston [Suburban]	0.542513982
H0092	UT, Utah County [Urban core] [Central] 1	0.521154837
H0093	UT, Davis County [Urban core]	0.482552454
H0094	UT, Salt Lake City-Murray [Urban core]	0.507314076
H0095	UT, Utah County [Urban core] [Central] 2	0.502496812
H0096	UT-ID, Logan [Urban core]	0.557806762
H0097	UT, Price [Suburban]	0.553035387
H0098	UT, Sevier County [Large rural]	0.556186729
H0100	UT, Provo-Orem-Lehi [Large rural]	0.541502784
H0101	UT, Juab County [Urban core]	0.540170396
H0102	UT, Cedar City [Suburban]	0.540322137
H0103	UT, St. George [Urban core]	0.532318307
H0105	SD-MN, Sioux Falls [Urban core]	0.546838128
H0106	SD, Davison County [Small town/rural]	0.569117936
H0108	SD, Aberdeen [Small town/rural]	0.555913089
H0109	ND, Minot [Small town/rural]	0.615900222
H0110	CO, Grand County [Small town/rural]	0.554180512
H0111	MT, Valley County [Small town/rural]	0.611640366
H0112	ND, Williston [Suburban]	0.614610432
H0114	WY, Gillette [Suburban]	0.539060206
H0115	CO, Yuma County [Large rural]	0.576234877
H0116	CO, Montrose [Suburban]	0.56131042
H0117	MT, Valley County [Large rural]	0.573637352
H0118	UT, Millard County [Large rural]	0.513148633
J0001	AZ, Maricopa County [Urban core] [Central] 1	0.512686666
J0002	AZ, Maricopa County [Urban core] [Central] 2	0.526822174
J0003	AZ, Maricopa County [Urban core] [Central] 3	0.513323352
J0004	AZ, Pinal County [Urban core]	0.496663498
J0005	AZ, Pima County [Urban core] [Central] 1	0.521832783
J0006	AZ, Maricopa County [Urban core] [Central] 4	0.488828454
J0007	CA, Los Angeles-Long Beach [Suburban] [Central]	0.560628129
J0008	AZ, Yuma [Urban core]	0.556117383
J0009	AZ, Phoenix-Mesa [Suburban]	0.520947468
J0010	AZ, Safford [Suburban]	0.555223864
J0011	AZ, Pima County [Urban core] [Central] 2	0.507059394
J0012	AZ, Sierra Vista-Douglas [Urban core]	0.574109546
J0013	AZ, Show Low [Large rural]	0.553249354
J0014	AZ, Flagstaff [Urban core]	0.493431344
J0015	AZ, Flagstaff [Large rural]	0.519654982
J0017	AZ, Prescott Valley-Prescott [Urban core]	0.481014067
J0018	AZ, Prescott Valley-Prescott [Large rural]	0.477022096
J0019	AZ, Mohave County [Suburban] [Central]	0.592251034
J0020	NV, Las Vegas-Henderson [Suburban]	0.550398981
J0021	NV, Clark County [Urban core] [Central] 1	0.597680454
J0022	NV, Clark County [Urban core] [Central] 2	0.600658592
J0023	NV, Carson City [Urban core]	0.554960636
J0024	NV, Washoe County [Urban core]	0.529061745
J0025	CA, Los Angeles County [Urban core] [Central] 1	0.546913498
J0026	CA, El Dorado County [Suburban] [Central] 1	0.496001841
J0027	CA, Nevada County [Suburban] [Central]	0.539524539
J0028	NV, Elko [Suburban]	0.545058568
J0029	CA, Los Angeles County [Urban core] [Central] 2	0.531714963
J0030	CA, Los Angeles County [Urban core] [Central] 3	0.540042568
J0031	CA, Los Angeles County [Urban core] [Central] 4	0.527678637
J0032	CA, Orange County [Urban core] [Central] 1	0.536648949
J0033	CA, Orange County [Urban core] [Central] 2	0.515162475
J0034	CA, San Bernardino County [Urban core] [Central] 1	0.555137446
J0035	CA, Riverside County [Urban core] [Central] 1	0.564173669
J0036	CA, San Diego County [Urban core] [Central] 1	0.534209275
J0037	CA, San Diego County [Urban core] [Central] 2	0.500529368
J0038	CA, San Diego County [Urban core] [Central] 3	0.503090918
J0039	CA, San Diego County [Urban core] [Central] 4	0.497120154
J0040	CA, Riverside County [Urban core] [Central] 2	0.479652046
J0041	CA, San Bernardino County [Urban core] [Central] 2	0.556605906
J0042	CA, El Centro [Urban core]	0.587169043
J0044	CA, Riverside County [Urban core] [Central] 3	0.545255193
J0045	CA, Orange County [Urban core] [Central] 3	0.486653688
J0046	CA, Oxnard-Thousand Oaks-Ventura [Urban core]	0.521524331
J0047	CA, Santa Barbara County [Urban core] [Central] 1	0.486325899
J0048	CA, Hanford-Corcoran [Urban core]	0.542052432
J0049	CA, Bakersfield-Delano [Urban core]	0.550543968
J0050	CA, Tulare County [Urban core] [Central] 1	0.533282703
J0051	CA, San Luis Obispo-Paso Robles [Urban core]	0.513084002
J0052	CA, Tulare County [Urban core] [Central] 2	0.551469466
J0053	CA, Santa Barbara County [Urban core] [Central] 2	0.488102233
J0054	CA, Los Angeles County [Urban core] [Central] 5	0.562706375
J0055	CA, Fresno-Hanford-Corcoran [Large rural]	0.547315446
J0056	CA, Bakersfield-Delano [Suburban]	0.56695949
J0057	CA, Fresno County [Urban core] [Central] 1	0.581075756
J0058	CA, Fresno County [Urban core] [Central] 2	0.566469684
J0059	CA, Merced [Urban core]	0.506067355
J0060	CA, Monterey County [Urban core] [Central] 1	0.508006444
J0061	CA, Monterey County [Urban core] [Central] 2	0.494008067
J0062	CA, San Francisco-San Mateo-Redwood City [Urban core] [Central]	0.473775365
J0063	CA, San Mateo County [Urban core]	0.472524137
J0064	CA, San Francisco County [Urban core]	0.503661003
J0065	CA, Alameda County [Urban core] [Central] 1	0.552567537
J0066	CA, Contra Costa County [Urban core] [Outlying] 1	0.48810763
J0067	CA, Contra Costa County [Urban core] [Outlying] 2	0.481845558
J0068	CA, Napa [Urban core]	0.549363702
J0069	CA, Vallejo [Urban core]	0.555443747
J0070	CA, Santa Clara County [Urban core] [Central]	0.520650417
J0071	CA, Alameda County [Urban core] [Central] 2	0.486634148
J0072	CA, Marin County [Urban core]	0.511279091
J0073	CA, Sonoma County [Urban core] [Central]	0.470334739
J0074	CA, San Rafael [Urban core] [Central]	0.486027368
J0075	CA, Santa Cruz-Watsonville [Urban core]	0.456213804
J0076	CA, San Joaquin County [Urban core] [Central] 1	0.572718233
J0077	CA, San Joaquin County [Urban core] [Central] 2	0.551006255
J0078	NV-CA, Reno-Carson City-Gardnerville Ranchos [Suburban]	0.545267891
J0079	CA, Calaveras County [Urban core]	0.533028733
J0080	CA, Stanislaus County [Urban core] [Central] 1	0.521547854
J0081	CA, Mariposa County [Small town/rural]	0.57894373
J0082	CA, Stanislaus County [Urban core] [Central] 2	0.554202147
J0083	CA, Mendocino County [Suburban] [Central] 1	0.567451413
J0084	CA, San Jose-San Francisco-Oakland [Suburban] [Central]	0.544741452
J0085	CA, Lake County [Suburban] [Central]	0.555150575
J0086	CA, Mendocino County [Suburban] [Central] 2	0.540286741
J0087	CA, Santa Rosa-Petaluma [Suburban]	0.485397517
J0088	CA, Humboldt County [Suburban] [Central] 1	0.498985879
J0089	CA, Humboldt County [Suburban] [Central] 2	0.518481245
J0090	CA, Crescent City [Suburban]	0.559775247
J0091	CA, Placer County [Suburban]	0.492333551
J0092	CA, Sacramento County [Urban core] [Central] 1	0.537992811
J0093	CA, Sacramento County [Urban core] [Central] 2	0.556429947
J0094	CA, Yolo County [Urban core]	0.56231244
J0095	CA, El Dorado County [Suburban] [Central] 2	0.567001934
J0096	CA, El Dorado County [Urban core]	0.516643762
J0097	CA, Placer County [Urban core]	0.528381478
J0098	CA, Yuba City [Urban core]	0.526123451
J0099	CA, Sacramento-Roseville [Large rural]	0.524961254
J0100	CA, Chico [Suburban]	0.507992013
J0101	CA, Chico [Urban core]	0.523359389
J0102	CA, Truckee-Grass Valley [Suburban]	0.492969696
J0103	CA, Susanville [Suburban]	0.585884298
J0104	CA, Redding [Urban core]	0.445589796
J0105	CA, Shasta County [Large rural]	0.522626033
J0106	CA, Redding-Red Bluff [Suburban]	0.608848203
J0108	CA, Siskiyou County [Large rural]	0.517537176
K0001	ID, Pocatello [Urban core]	0.501559808
K0002	ID, Idaho Falls [Urban core]	0.545400282
K0003	UT-ID, Logan [Large rural]	0.541124235
K0004	ID, Bear Lake County [Small town/rural]	0.542556458
K0005	ID, Twin Falls [Suburban]	0.498752927
K0006	ID, Hailey [Suburban]	0.533718152
K0007	UT-ID, Salt Lake City-Provo-Orem [Suburban]	0.536523396
K0008	ID, Idaho Falls-Rexburg-Blackfoot [Small town/rural]	0.523282451
K0009	WA-ID, Pullman-Moscow [Urban core]	0.56882118
K0010	ID, Idaho County [Small town/rural]	0.600078923
K0011	ID-WA, Lewiston [Large rural]	0.543271688
K0012	ID-OR, Boise City-Mountain Home-Ontario [Urban core]	0.515551066
K0013	OR-ID, Ontario [Suburban]	0.509822633
K0014	ID, Coeur d'Alene [Urban core]	0.537961046
K0016	ID, Sandpoint [Suburban]	0.501695075
K0017	ID, Sandpoint [Urban core]	0.502255693
K0018	ID, Moscow [Suburban]	0.574332564
K0019	WA, Pullman [Suburban]	0.534719882
K0020	ID, Shoshone County [Large rural]	0.525432276
K0021	OR, Clackamas County [Urban core]	0.519245219
K0022	OR, Multnomah County [Urban core] [Central] 1	0.486456124
K0023	OR-WA, Portland-Vancouver-Salem [Small town/rural]	0.537259081
K0024	WA, Longview-Kelso [Urban core]	0.571135491
K0025	OR, Washington County [Urban core] [Central] 1	0.494427863
K0026	OR, The Dalles [Suburban]	0.552765926
K0027	OR, Multnomah County [Urban core] [Central] 2	0.479607915
K0028	OR, Washington County [Urban core] [Central] 2	0.501471755
K0029	OR, Hermiston-Pendleton [Large rural]	0.509278979
K0030	OR-WA, Portland-Vancouver-Hillsboro [Suburban]	0.520006303
K0031	OR, Astoria [Suburban]	0.565144068
K0032	OR, Lincoln County [Suburban] [Central] 1	0.519529206
K0033	OR, Tillamook County [Large rural]	0.553660879
K0034	OR, Salem [Urban core]	0.506084425
K0035	OR, Albany [Urban core]	0.509262986
K0037	OR, Lincoln County [Suburban] [Central] 2	0.468341653
K0038	OR, Eugene-Springfield [Urban core]	0.493952065
K0039	OR, Coos Bay-North Bend [Suburban]	0.511607996
K0040	OR, Roseburg [Suburban]	0.560528791
K0041	OR, Coos Bay-North Bend [Large rural]	0.544766444
K0042	OR, Roseburg [Urban core]	0.498793583
K0043	OR, Grants Pass [Urban core]	0.543793784
K0044	OR, Medford [Urban core]	0.518922891
K0045	OR, Klamath Falls [Suburban]	0.492879846
K0046	OR, Lake County [Large rural]	0.498373674
K0047	OR, Bend [Urban core]	0.435043489
K0048	OR, Harney County [Large rural]	0.510159423
K0049	OR, Umatilla County [Suburban]	0.576436167
K0050	WA, Walla Walla [Urban core]	0.535090078
K0051	OR, Baker City [Large rural]	0.489850478
K0052	OR, Morrow County [Suburban]	0.548411348
K0053	OR, La Grande [Suburban]	0.530362614
K0054	ID-WA, Lewiston [Small town/rural]	0.506097471
K0056	OR, Grant County [Small town/rural]	0.532455266
K0057	WA, King County [Urban core] [Central] 1	0.544846442
K0058	WA, King County [Urban core] [Central] 2	0.487940374
K0059	WA, Snohomish County [Urban core] [Central] 1	0.549893595
K0060	WA, King County [Urban core] [Central] 3	0.529489917
K0061	WA, King County [Urban core] [Central] 4	0.548603023
K0062	WA, King County [Urban core] [Central] 5	0.535694391
K0063	WA, Kitsap County [Urban core] [Central] 1	0.466053148
K0064	WA, Mount Vernon-Anacortes [Suburban]	0.570316699
K0065	WA, Bellingham [Urban core]	0.536577982
K0066	WA, Mount Vernon-Anacortes [Urban core]	0.556437805
K0067	WA, Oak Harbor [Suburban]	0.564510655
K0068	WA, Snohomish County [Urban core] [Central] 2	0.559599522
K0069	WA, Pierce County [Urban core] [Central] 1	0.505114106
K0070	WA, Port Townsend [Large rural]	0.516051383
K0071	WA, Pierce County [Urban core] [Central] 2	0.573636844
K0072	WA, Pierce County [Urban core] [Central] 3	0.52946472
K0073	WA, Port Angeles [Suburban]	0.525431361
K0074	WA, Kitsap County [Urban core] [Central] 2	0.501790876
K0075	WA, Seattle-Tacoma [Small town/rural]	0.513461293
K0076	WA, Olympia-Lacey-Tumwater [Urban core]	0.514573747
K0077	WA, Aberdeen [Suburban]	0.592230331
K0078	WA, Centralia [Suburban]	0.501398135
K0079	WA, Shelton [Suburban]	0.557242928
K0080	WA, Clark County [Urban core]	0.527492698
K0081	WA, Moses Lake-Othello [Urban core]	0.443385613
K0082	WA, Wenatchee-East Wenatchee [Small town/rural]	0.61312246
K0083	WA, Wenatchee-East Wenatchee [Large rural]	0.567483012
K0084	WA, Moses Lake-Othello [Suburban]	0.517100905
K0085	NA 2	0.535821505
K0086	WA, Yakima [Urban core]	0.523923768
K0087	WA, Ellensburg [Suburban]	0.627393991
K0088	WA, Kennewick-Richland-Walla Walla [Suburban]	0.56844564
K0089	WA, Spokane County [Urban core] [Central] 1	0.527783532
K0090	WA, Spokane County [Urban core] [Central] 2	0.500610165
K0091	WA, Stevens County [Urban core]	0.49732733
K0092	WA, Othello [Small town/rural]	0.527384317
K0093	WA-ID, Spokane-Spokane Valley-Coeur d'Alene [Small town/rural]	0.57698779
K0094	WA, Moses Lake [Small town/rural]	0.550377137
K0095	WA, Ferry County [Small town/rural]	0.549453834
K0096	WA, Kennewick-Richland [Urban core]	0.532894656
K0097	OR, Washington County [Urban core] [Central] 3	0.474484761
K0098	OR, Yamhill County [Urban core]	0.525834351
K0099	OR, Clatsop County [Large rural]	0.559030134
M0001	AK, Anchorage [Urban core]	0.510617148
M0002	AK, Kenai Peninsula Borough [Small town/rural]	0.556847862
M0003	AK, Anchorage [Small town/rural]	0.506930653
M0004	AK, Kenai Peninsula Borough [Large rural]	0.57458253
M0005	AK, Kodiak Island Borough [Large rural]	0.565655376
M0006	AK, Anchorage [Suburban]	0.542286171
M0008	AK, Fairbanks-College [Urban core]	0.46757656
M0009	AK, Ketchikan [Suburban]	0.52817581
N0001	HI, Honolulu County [Urban core] [Central] 1	0.518687293
N0002	HI, Hawaii County [Suburban] [Central] 1	0.574464101
N0003	HI, Honolulu County [Urban core] [Central] 2	0.518568935
N0004	HI, Hawaii County [Suburban] [Central] 2	0.51300268
N0005	HI, Hilo-Kailua [Large rural]	0.52378647
N0007	HI, Kahului-Wailuku [Urban core]	0.572872773
N0008	HI, Kapaa [Suburban]	0.528772873
